:020000040002F8
:207000005E700200557002004FF46C2307B51B680D4A934211D172B64FF43C331A6882F3E9
:2070200008885B689847094900220192019B8B42FBDC019B01330193F8E7054A9342F2D1AD
:1E70400072B64FF40F23E9E7DDCCBBAA9F86010044332211FFF7D8FFFEE70000042011
:20F0000000000420AD600300ED600300EF600300F1600300F3600300F56003000000000018
:20F0200000000000000000000000000029600300F96003000000000049600300FD600300DC
:20F0400039620300FF600300FF600300FF600300FF600300FF600300FF600300FF60030064
:20F06000FF600300FF600300FF600300FF600300FF600300FF600300FF600300FF60030080
:20F08000FF600300AD5D0300FF600300FF600300FF600300FF600300FF600300FF600300B5
:20F0A000FF600300FF600300FF600300FF600300FF600300FF600300000000000000000004
:20F0C000FF600300FF600300FF600300FF600300FF600300FF600300FF600300EDFB020098
:20F0E000FF600300FF600300FF6003000000000000000000FF60030000000000FF60030026
:20F100000000000000000000000000000000000000000000000000000000000000000000EF
:20F120000000000000000000000000000000000000000000000000000000000000000000CF
:20F140000000000000000000000000000000000000000000000000000000000000000000AF
:20F1600000000000000000000000000000000000000000000000000000000000000000008F
:20F1800000000000000000000000000000000000000000000000000000000000000000006F
:20F1A00000000000000000000000000000000000000000000000000000000000000000004F
:20F1C00000000000000000000000000000000000000000000000000000000000000000002F
:20F1E00000000000000000000000000000000000000000000000000000000000000000000F
:20F20000F1EE103A43F08073E1EE103A704700BF10B5054C237833B9044B13B10448AFF372
:20F2200000800123237010BDF0620020000000006096030008B5034B1BB103490348AFF34F
:20F24000008008BD00000000F462002060960300154B002B08BF134B9D46A3F5803A0021F4
:20F260008B460F461348144A121A07F079FD0F4B002B00D098470E4B002B00D0984700208F
:20F28000002104000D000D48002802D00C48AFF3008007F00DFD2000290006F059FF07F0E8
:20F2A000F3FC00BF00000800000004200000000000000000F0620020DC7B0020000000008B
:20F2C000000000000146014800F0EEB92C63002038B500F02FF940B1002405462046013458
:20F2E00000F0B2FDE0B28542F9D838BD70B592B01D460C46164601A84222002107F030FD86
:20F30000412D02D8002012B070BD621CD2B202238DF806408DF80E408DF826408DF81E2023
:20F320008DF827208DF8312040F20945052240F201248DF807308DF808308DF809308DF871
:20F3400012308DF821308DF822308DF833308DF83B30ADF80C502423ADF810408DF81520EF
:20F360008DF823201B4D8DF81630042201248DF820308DF8243006958DF81C408DF81F2059
:20F380008DF830203046144D0A9540F6083608234FF411640A22ADF804608DF82C30ADF810
:20F3A0002E4040238DF8342001A9062640F207550A4C8DF825604222ADF838508DF83C305D
:20F3C0008DF84330CDF83F4007F0A6FC422012B070BD00BF200105240705800307058002E1
:20F3E000A0F11000FFF782BF007EFF2806D010B500F08CFC044618B1204610BD0020704760
:20F4000007F06EF8204610BD007EFF280ED000B583B00DF1070100F0BDFC20B19DF80700D5
:20F4200003B05DF804FB4FF0FF30F9E74FF0FF30704700BF007EFF2811D000B583B0012202
:20F440000DF1070100F06EFC20B94FF0FF3003B05DF804FB9DF8070003B05DF804FB4FF01C
:20F46000FF307047007EFF2801D000F0EDBC7047007EFF2801D000F02DBD0020704700BFFA
:20F48000F8B50646007EFF281CD017465AB10D46144600F015FC2946224680B1307E00F026
:20F4A00083FC241A01D13846F8BD054407F018F8307E00F005FC294622460028EED13F1B83
:20F4C0003846F1E70020F8BD70B50368184A5B6882B093428DF8071024D10546007EFF28C4
:20F4E0001DD000F0EDFB0DF1070601243146224688B1287E00F058FC241A02D1012002B031
:20F5000070BD064406F0ECFF287E00F0D9FB314622460028EDD1C4F1010002B070BD0020AF
:20F5200002B070BD01220DF10701984702B070BD81F40200014B1878704700BF2863002091
:20F54000037EFF2B00D07047064B1A78002AFAD1054902764161012200F1100103481A703F
:20F5600000F042B828630020A49103002C630020007EFF2807D000B583B000F0A1FB20B14E
:20F5800003B05DF804FB00207047019006F0A8FF019803B05DF804FB01B900B1704700B5E8
:20F5A00083B0694600F0A2FB009BB3F5966F02D003B05DF804FB00F02FFBF9E730B4084B8A
:20F5C000084AFF2002F108054FF47A740021303218761D609C601A615960596130BC70476E
:20F5E0000C630020B4910300F8B5B0F818214469B0F81A31054608680E469B1A144407687B
:20F6000095F81C119BB222463046B84750B32218944229D2766806E0052B32D023780BB3A9
:20F620001C44A24220D96378042BF5D1E378002BF4D195F81C11013185F81C11002EEDD0F1
:20F6400095F840110729E9D801F1480745F82760217295F84011013185F840111E46237866
:20F66000002BDDD10020F8BDB5F818216B69104480B2A5F81801588095F81C211A71012098
:20F68000F8BD94F90230002B08DB95F81E31591C85F81E11A1780B43A370BFE795F81D31F0
:20F6A000591C85F81D11F5E72DE9F0472A4DDFF8B490DFF8B4A0AC4604468846BCE80F0087
:20F6C00088B003AF0FC703AE0FCE05F1140E25460FC59EE80700DCF800303B806B463668EA
:20F6E0002E8003C36B4603CB04F1180700234FF4807E012640F2094CA06184F8202067616C
:20F7000040F2EF22154FE1610420C4F818914FF4E131A4F81CE1C4F82C31C4F83031C4F897
:20F720003431C4F83831C4F83C31C4F820C184F84001A28084F81E61A671C4F824A1C4F84B
:20F7400028710748FFF7FCFE404600F053FA304608B0BDE8F08700BFE891030020920300D4
:20F760000C63002009000001189203002DE9F04F05468BB0002900F0E480032930D090F837
:20F7800040318B4240F2EE8001F14803774F50F823400021084605F5A276235C04EB000CE2
:20F7A000B3B103F14002D2B2012A0BD9F42B09D81A064CD44FF00108A3F55842B2F5006F4C
:20F7C00080F09A80013004EB000C235C002BE8D1CBB201335B0043F4407305F5A17C30E0F3
:20F7E00002A800F01BFA05F5A17C019010B3431EDBB205F5A37B5E4F0DF1080A0BEB830BA8
:20F80000E64606AE97E80F001AF8018B86E80F0008F00F090AACA14404EB181819F8109CD8
:20F8200018F8103CAEF80490AEF802300EF1040EDE45E7D1019B5B00DBB201335B0043F424
:20F840004073A5F8423160460BB0BDE8F08F03F0E002C02A5ED003F0F002E02A7AD003F047
:20F86000F802F02AAED103F007024FF004089CF8013003F0C00EBEF1800FA3D19CF802E000
:20F880000EF0C00903F03F03B9F1800F43EA821398D10EF03F0EB8F1030F4EEA831332D032
:20F8A0009CF8032002F0C00CBCF1800F8AD102F03F0242EA8313A3F58032BA4282D8A3F50F
:20F8C000584CBCF5006FFFF47DAFB3F5803F00F1040012D31E293FF77BAF4B004FEA922C1B
:20F8E0003344C2F30902ACF5205CA2F5105226F811C05A80023150E7404420292FD026F89E
:20F900001130013149E7A3F50062B2F5784FFFF453AF57E79CF8012002F0C00CBCF1800FFA
:20F9200003F01F037FF44EAF02F03F0242EA8313A3F18002B2F5F06FBFF444AF4FF0020842
:20F940003AE7D0F82031A0F8443100F5A17C4FF4417376E703F00F024FF0030887E740F20C
:20F9600042333AE74FF0000C6DE700BFFFFF0F0008920300004870472C630020014B58692E
:20F98000704700BF2C6300200A4601460148FFF7EDBE00BF2C630020024B186800B100696C
:20F9A000704700BFB064002030B40848BDF80850046844B1646934B10846A44611461A465A
:20F9C0002B4630BC6047002030BC7047B064002030B40848BDF80850046844B1A46934B198
:20F9E0000846A44611461A462B4630BC604730BC704700BFB0640020024B186808B190F870
:20FA000050007047B46400202DE9F047244C2468002C3FD04FEAC0091E4609EB000304EBD7
:20FA200083031746D3F818A088460546BAF1000F32D0504607F09EFD4D4404EB8504D4E99D
:20FA40000754DFF864C0174B08280246514628BF08224046002D08BF6546002C08BF1C4654
:20FA600007F05AF9284607F085FD10280246294628BF1022384607F04FF9204607F07AFDBC
:20FA8000042802462146304628BF0422BDE8F04707F042B9BDE8F087DFF810A00820CBE7BD
:20FAA000B4640020509203004092030034920300F8B50B4F3B6883B1C5002E1803EB860628
:20FAC000044672691AB190473B6886F82A002C4403EB840393F82A00F8BD1846F8BD00BFF3
:20FAE000B4640020054B1B683BB100EBC00003EB8003586A1B8D086013807047B46400209F
:20FB00000A781E2A01D10020704710B520221C460521002300F0AEFF204610BD70B40A4C76
:20FB2000039A24685CB100EBC00504EB8504A4682CB10E4630461946234670BC18474FF022
:20FB4000FF3070BC704700BFB464002070B40A4C039A24685CB100EBC00504EB8504E46878
:20FB60002CB10E4630461946234670BC18474FF0FF3070BC704700BFB4640020054B1B6870
:20FB800033B100EBC00003EB80031B6903B11847704700BFB464002000B5114B402283B07A
:20FBA00083F8272304F062F84FF0804302A80024D3F8385400F8084D06F0F8FA02A8094BD8
:20FBC00040F8043D06F01EFB06F02EFBEB0702D401F0F2FEFCE7204603F08CFEF8E700BF71
:20FBE00000E100E0E9FB020003F084BE002003F0D9BA00BF00B5002383B00322CDE90023BB
:20FC000003490448C82205F089F903B05DF804FB5492030099FB020006F04CBD4FF0805255
:20FC2000536E1BBA0360136E1BBA436008207047004870475C92030070B51F4C2368E3B154
:20FC4000C9B91578C5F34115012D11D0022D16D15478012C25D0022C0DD19388072B0ED13C
:20FC6000164C114623892246BDE8704002F06ABE5178222905D0012070BD184670BD084638
:20FC800070BD11465288003218BF01221A7602F041FE2268136A002BEDD0107E984728464F
:20FCA00070BDDC6934B1114623782246BDE8704002F048BE204670BDB864002000600020F7
:20FCC00010B5044601F0DAFD08B9002010BD01F0DDFD0028F9D1044B4FF45A7202FB04344F
:20FCE000207900F0010010BDBC640020064A4FF45A7303FB002050F8063F0B6083888279F1
:20FD00008A718B80704700BFBC64002008B5044A4FF45A7303FB0020103001F027FC08BDD5
:20FD2000BC6400202DE9F0414FF45A7505FB00F5174E05F11004344492B2204601F040FC77
:20FD40000746204601F02AFC3F2802D83846BDE8F08106EB0508002098F8031002F016FD3E
:20FD60000028F3D0204601F019FC3F2805D898F80310002002F03CFDE8E705F53A7232440F
:20FD800098F803104023002002F05EFDDEE700BFBC640020034A4FF45A7303FB0020103071
:20FDA00001F07CBCBC6400202DE9F8434FF45A7505FB00F5224E05F12C04344492B22046CA
:20FDC00001F0AAFC0746204601F0D0FB3F2802D83846BDE8F88301F051FD0028F8D001F01E
:20FDE00055FD80460028F3D1204601F0BFFB0028EED006EB0509404699F8021002F0C6FC2C
:20FE00000028E5D005F54A75354420462946402201F0D6FB034668B12A4699F802104046DF
:20FE200002F012FD0028D3D1064B1B68DB07CFD500BECDE799F8021002F0DAFCC8E700BF50
:20FE4000BC640020F0ED00E02DE9F041054601F015FD10B90020BDE8F08101F017FD0646C0
:20FE60000028F7D14FF45A7404FB05F4174F04F12C053D44284601F079FB0028EAD007EBD5
:20FE80000408304698F8021002F080FC0028E1D004F54A74274428463946402201F090FB0A
:20FEA000044668B13A4698F802103046234602F0CBFC48B9064B1B68DB07CBD500BECAE75F
:20FEC00098F8021002F094FC2046C4E7BC640020F0ED00E008B5044A4FF45A7303FB0020B7
:20FEE0002C3001F05BFB08BDBC640020F0B51B4C83B000214FF45A72204601250E4606F015
:20FF00002FFFFF234FF4424204F148016371E2802B460827009604F110004FF4807227734C
:20FF2000258101F0E7FA2B464FF4807204F5A471009504F12C0001F0DDFA04F5127128462D
:20FF400004F08AFA04F52671A0622846666204F083FAC4E9100603B0F0BD00BFBC640020CE
:20FF600010B5094B002203F12C0403F110001A601A7101F03BFC204601F038FC20460121DE
:20FF8000BDE8104001F05ABCBC6400202DE9F0414B79022B82B004D00025284602B0BDE8FD
:20FFA000F0818B79022BF7D1304EB3782BB1304B1B68DB07F0D500BEEEE78B7833700C78F0
:20FFC0000C4407466378242B4FF009050BD1082A02D822E0AA4220D323781C441D4463780D
:20FFE000242BADB2F6D0052B2CD0042B15D163790A2B12D11F4A94F80080019202230132F8
:020000040003F7
:200000000092384604EB08011A4602F023FB0028CDD00E3518FA85F5ADB2174801F0BEFA6D
:200020003F28BAD9F178002002F0B0FB0028B4D0114801F0B3FA3F28F17811D8002002F032
:20004000D7FBAAE72146384602F080FB0028AED0A378737023781C441D44ADB26378C4E706
:20006000064A4023002002F0EFFB96E7BC640020F0ED00E0BE640020CC640020A46700209A
:2000800038B5137803F06003202B01D0002038BD254C938825789D42F8D15378203B032B3C
:2000A000F4D8DFE803F0271E070281B3022933D0012038BD59B30229FAD155881B4825711C
:2000C000E94301F0010101F0B9FB194B002BEFD0C5F3400205F001010020FFF75DFA01208F
:2000E00038BD0029E4D111460723124A02F02AFC012038BD0029F6D00229D9D10E4B002BDA
:20010000D6D00C490020AFF30080012038BD114602F000FC012038BD084B002BC8D0518842
:200120000020AFF30080C3E7BC640020E864002099F50200C2640020000000000000000051
:200140002DE9F047574CE2788A420D4607461E4656D19AB204F53A7104F1100001F0DCFAA2
:20016000514BD3B16379FF2B17D0B6B104F2E72808EB060AA8F2D72902E0C2450DD06379C7
:2001800018F8012F9A42F8D1484601F0FFF90028F3D16179AFF30080EFE7444B23B1444856
:2001A00001F0F4F900285DD0414801F0F7F93F285BD8A378AB4203D001252846BDE8F0877D
:2001C0003C4B13B10020AFF3008001F057FB20BB394801F0CBF90028EED1002EECD016F067
:2001E0003F06E9D1A178384602F0D0FA05460028E2D0A17838463346324602F025FBDCE72B
:20020000A3788B42DCD02D4B1D6815F00105D4D000BE00252846BDE8F08701F037FB0546C3
:200220000028D5D1244801F0A1F90028D0D0A178284602F0ABFA0028CAD021494022A1F5EF
:200240003F7001F0BDF9034638B328461C4AA17802F0FAFA0028AFD1184B1B68DB07B7D545
:2002600000BEB5E7AFF300809EE7E178002002F08DFA00289DD00E4801F090F93F2804D8E3
:20028000E178002002F0B4FA93E740230D4AE178002002F0D9FAA3788CE7A17802F0A8FA98
:2002A00096E700BFBC6400200000000000000000CC64002000000000E8640020F0ED00E049
:2002C000E4670020A46700208C220021014806F047BD00BF246800208C220021014806F0FD
:2002E0003FBD00BF246800202DE9F0414B79032B82B004D00024204602B0BDE8F0810D7980
:20030000C5EBC5041234A4B2944205D9224B1B68DA07EFD500BEEDE7204F7A78002AF5D19C
:2003200091F800E001EB0E0C9CF80180B8F1210FECD1C7F888C0884611F80E1007F1010EA0
:20034000614407F1020C2A46CDE900CE064602F081F90028DAD098F80630B978012B04BF8E
:2003600098F80730FB700122D7F888303A7198F80220B3F807303A70FB800029BBD0304613
:200380004023074A02F060FA0028B4D1024B1B68DB07B0D500BEAEE7F0ED00E024680020BD
:2003A0006C6800202DE9F041137803F01F04012C82B003D0002002B0BDE8F081DFF8D88117
:2003C000968898F80070F6B2B742F3D113F0600305460F46164617D100293BD15378062B1F
:2003E000E8D153881B0A212B00F09080222BE1D10846FFF7D1FAB8F80630024631462846D7
:2004000002F0A0FA2046D6E7202BD3D15378013B0A2BCFD801A252F823F000BFC5040300D0
:20042000B304030049040300B5030300B5030300B5030300B5030300B50303009D04030067
:20044000770403005904030021B931460123494A02F078FA0120AEE7D1B10229FAD171882B
:20046000454BC9B288F80410002BF3D00020AFF3008001209FE70029ECD171883F4B090A8A
:2004800088F8051023B13846AFF30080002891D03146284602F03EFA01208CE7002941D1EC
:2004A000F388402B86D83146354A02F04BFA012081E70029CED131460123324A02F042FA35
:2004C000012078E70029C5D1F4887388402C204628BF402013F0FF014FEA13223CD0012CA3
:2004E0003AD90138284B88F8081080B2012700900020FFF759FA3B189BB27BBB234A126895
:20050000D2077FF557AF00BE184654E7D8F88820002A3FF44FAF1378314602B0BDE8F041D4
:2005200002F010BA022995D1F4887388402C204628BF402013F0FF014FEA132205D0012C6B
:2005400003D998F848308B420FD00D4B00900020FFF73EFA01202EE70D4BC8E731462846B3
:200560000B4A02F0EFF9012025E7013880B2094BECE700BF2868002000000000000000001E
:200580006C680020296800202D680020F0ED00E02C6800206D68002024680020F0B51C4CE2
:2005A000A57866788D4283B00BD1B54216D1194A22B1DAB218490020AFF30080012003B04B
:2005C000F0BDB142F3D0154B1B68DB0703D500BE002003B0F0BD002003B0F0BD00229BB2EE
:2005E000114607460093104604F14803FFF7F0F93846402304F14802A17802F025F90028DE
:20060000DCD1064B1B68DA07E5D500BED7E700BF24680020000000002C680020F0ED00E066
:2006200030B5154C83B000210D464FF41A72204606F096FB04F1480104F110000095012315
:20064000802200F057FF0123802204F1C801009504F12C0000F04EFF04F5A471012003F019
:20066000FBFE04F5CC71A0620120656203F0F4FEC4E9100503B030BD5079002010B5084C18
:20068000002304F11000C4E90033C4E9023301F0ADF804F12C00BDE8104001F0A7B800BFB5
:2006A000507900202DE9F0474B79012B03D000242046BDE8F0878B79012BF8D1CB79002B33
:2006C000F5D10B78CD1899B26C78242C0BD1914202D9ECE78A42EAD32B781D440B446C7850
:2006E000242C99B2F6D0042CE1D16B79012BDED1AB79032BDBD1EB79002BD8D1DFF8B880B3
:2007000098F8013013B998F802702FB1274B1B68DB07CCD500BECAE7AB7888F800302E780A
:2007200092462A798B1981469CB22E4432B91FE0337897421C44A4B21E4419D2A24517D3D1
:200740007378052BF4D13146484601F0FFFF0028DCD0B378DA0914BF88F8013088F80230AD
:2007600033782A7901371C44FFB2A4B21E44DFE70F4800F013FF3F289AD998F8021000206F
:2007800002F004F8002893D0094800F007FF3F2898F8021003D8002002F02AF888E7054AC3
:2007A0004023002002F050F882E700BFF0ED00E060790020387B002050790020002070470B
:2007C000F8B53D4CA2788A421F4613D19AB204F5F47104F1100000F09FFF384B13B1002010
:2007E000AFF30080364800F0D9FE3F282CD801252846F8BD63788B4208D0324B1D6815F057
:200800000105F5D000BE00252846F8BD064604F12C0000F0ABFE40BB2B4800F0A7FE0028D6
:20082000E5D1002FE3D017F03F07E0D16178304601F0ACFF05460028D9D0617830463B464B
:200840003A4602F001F8D3E7A178002001F09EFF05460028CBD01A4800F0A0FE3F28A1782E
:2008600020D8002001F0C4FFC2E76178002001F08DFF0028D0D0402204F50A7104F12C00CE
:2008800000F09EFE034698B104F50A726178002001F0DAFF0028AAD10A4B1B68DB07BBD515
:2008A00000BEB9E7094A4023002001F0CDFF9FE7617801F09DFFAFE75079002000000000DC
:2008C00060790020F0ED00E07C790020387B002030B4114B9C689A6B93F83C5083F82C1063
:2008E000A21A022183F830109A6225B942F2050183F83E50998744B13AB11A7BD20906D1FA
:2009000093F82F1030BC01F0DBBF30BC704793F82E1030BC01F0D4BFB06A002038B5214B27
:20092000214C05461BB1607BAFF30080A8B1A06BA36894F82F101D4A1B1AB3F5007F28BF52
:200940004FF4007328469BB201F07EFF20B9184B1B68DB0700D500BE38BDA268A36B84F8FB
:200960003E0042F20771D31A0120A1870221A36284F82C0084F83010002AEDD0002BEBD0FE
:20098000237BDB0906D194F82F102846BDE8384001F096BF94F82E102846BDE8384001F01C
:2009A0008FBF00BF00000000B06A0020B0680020F0ED00E070B52C4CE28AA36852BA92B297
:2009C00082B0054612B1B3FBF2F292B2A66BD4F81110607B9B1BB3F5007F28BF4FF40073AE
:2009E00009BA0093B6FBF2F302FB136219441F4BFFF794F8031E16DB94F82E100CD09BB24B
:200A000028461A4A01F020FF58B9194B1B68DB0707D500BE02B070BD009328461A4601F04F
:200A2000E5FD02B070BDA268A36B43F203300021D31AA08784F83E1001200221A36284F8B1
:200A40002C0084F83010002AEBD0002BE9D0237BDB0914BF94F82E1094F82F10284602B0DB
:200A6000BDE8704001F02CBFB06A0020B0680020F0ED00E010B4054C012084F83C1084F89C
:200A80003D2084F83E305DF8044B7047B06A002040220021014806F063B900BFB06A0020A3
:200AA00040220021014806F05BB900BFB06A00204B79082B01D0002070478B79062BFAD1C8
:200AC000CB79502BF7D1162A06D81C4B1B68D907F1D500BE0020704770B5194D8B7885F841
:200AE0002D300B7882B005F12F0205F12E0619440223CDE900261A46044601F0ABFD48B9F1
:200B00000E4B1B68DA0702D500BE02B070BD002002B070BD20461F2300242A4695F82F109D
:200B200085F8304001F090FE30B9044B1B68DB0702D500BE1720E8E71720E6E7F0ED00E050
:200B4000B06A002079B970B50B46117801F07F04022C84B0054608D001F06001202938D08E
:200B6000002004B070BD012070475478012CF3D151880029F4D13E4E918896F83030042B56
:200B8000C9B270D096F82E208A425AD096F82F408C4253D1002B51D1214601F083FE00288B
:200BA0004CD12146284601F0A7FE002846D1002386F83030284696F82F102D4A1F2301F088
:200BC00043FE00283AD12B4B1B68DB07C8D500BEC7E75178FE2916D0FF29C1D15388002B27
:200BE000BED1D488A3B2002BBAD1214E1146284686F83030C6E90D33B48786F83E3001F0E6
:200C000089FE0120ADE751880029A9D1D1880129A6D119488DF80F1038B10192FEF7ECFEC2
:200C2000019A00289CD0431EDBB204AC114604F8013D28462246012301F084FE012004B014
:200C400070BD022BFAD1B46BB3681B1B11460324B36206F120020D2386F8304001F0F4FD53
:200C60000028B0D0EAE701F02BFE204679E700BFB06A0020F0ED00E0F9F90200F0B5A24CDE
:200C800094F83050012D8FB01E46074644D02AD3032D04D0022D5FD001200FB0F0BD94F89E
:200CA0002E308B42F8D10D2EF6D1E37B282B00F022812A2B40F01581944B13B1607BFEF76C
:200CC0005DFF002084F830001F238F4A94F82F10384601F0B9FD002872D18D4B1B68DA073A
:200CE00071D500BED9E794F82F208A42D4D11F2B03D1884B2168994267D0042394F82E1067
:200D000084F83030384601F0DBFD384694F82F1001F0D6FD0020C0E7E27BA36B282A12D03D
:200D20002A2A00F08A80217B626B1E44CB09A66377D0B2420DD9764B1B68DB0740D500BEA3
:200D400094F83050A6E7626B1E449642A663C0F0B880022384F8303094F82E10384601F0C8
:200D6000CBFD002898D1A368A26B94F82E10934202D9207BC00950D19A1A0325A2623846A5
:200D80000D23654A84F8305001F05EFD0028A4D082E704AA05A9FEF7A5FE059B23B1BDF80A
:200DA0001020002A40F0928294F83C3023B940F2024284F83E30A28701213846FFF788FD1D
:200DC00094F8305066E7002067E7544BE57B6168236200236162A362012184F82C30A36314
:200DE000282DA36884F83010636300F0C0802A2D53D0002B00F01481217BC90940F0108188
:200E0000B3F5007F00F22B8211469BB2444A01F01BFD00283FF461AFD2E7384601F050FDF1
:200E20003AE793B2607B3E4A04F10F01FEF768FE00287BDBA66B626B7BE7E28A52BA92B20F
:200E40001AB1A168B1FBF2F292B2D4F81110344DB3FBF2FC09BA02FB1C32607B00966144BC
:200E60002B46FEF773FE0028C0F2B68086422DD9361A38B1A36B2918034432462846A36302
:200E800005F055FF002394F82F1000933246384601F0ACFB94F83050FCE6E18A49BA89B263
:200EA000002B68D0207BC00940F08B80002900F0EC81B3FBF1F1002900F00482282D3846A8
:200EC0000CD1FFF777FD94F83050E3E6D4E90D231E449642A663BFF43CAF3846FFF71EFD99
:200EE0006EE7104B002B3FF4ECAE04F10F01607BAFF30080E5E60C4B002B3FF4E2AE607B5D
:200F0000AFF30080DDE600BFB06A00207DFB0200F0ED00E055534243D06A002055534253F8
:200F2000B06800200000000000000000A368A66B94F83C1084F82C509A1B0220A26284F836
:200F4000300021B942F2050084F83E10A087002B3FF471AF002A3FF46EAF237BDB0940F0B3
:200F6000A98194F82F10384601F0AAFC62E7E18A49BA89B20BBB00293FF4EBAE94F83C00F2
:200F8000A362022184F82C1084F8301000287FF4E3AE42F205000021A08784F83E10002B13
:200FA0003FF4DAAE237BDB0940F07C811146384601F086FC94F830506CE6207BC0097FF44A
:200FC00075AF94F83C00A362022184F82C1084F830100028DDD0E5E7A36BA2681E4443F239
:200FE00003300021931BA08784F83E1001200221A663A36284F82C0084F83010002A3FF4EB
:20100000ABAE002B3FF4A8AE237BDB0940F04A8194F82F10384601F053FC94F8305039E692
:20102000607B252D00F2228101A252F825F000BF4D1203006D1203006D120300F9110300BA
:201040006D1203006D1203006D1203006D1203006D1203006D1203006D1203006D12030080
:201060006D1203006D1203006D1203006D1203006D1203006D120300B31103006D1203001B
:201080006D1203006D1203006D1203006D1203006D1203006D1203006D1103003711030078
:2010A0006D1203006D1203006D1203006D1203006D1203006D1203006D120300C9100300C6
:2010C0006D120300930D030005AD00230DF10E0204A96B600593AB60FEF704FD049A002A2F
:2010E0003FF462AEBDF80E30002B3FF45DAE12BA5BBA08200221ADF81E3006928DF81700FE
:201100008DF81C1095E80700744B83E807000C20A368002B00F0A380984228BF184683B2A0
:2011200060636E4A94F82E10384601F08DFB00283FF4D3AD44E66A4B002B00F08C80E17C35
:20114000C1F3400301F001020909AFF30080002840F0818094F83C30002B7FF42DAE40F274
:2011600002420023A28784F83E3025E69DF816305C49002203F0800362F3C7138DF81630D8
:2011800003238DF815208DF817208DF81430002900F09A80AFF300809DF816304F4A80F0B1
:2011A000010060F3C7138DF81630059B13600420AEE74FF0203302250022CDE9052207A902
:2011C00009AA08938026079309930D93CDE90A330C938DF816500DAB8DF8175005AD8DF8ED
:2011E0001560FEF711FC0FCD3C4E0FC60FCD0FC62B68336024208BE794F83C2094F83D00FF
:2012000094F83E10354E4FF0000C4FF00003CDE905CCCDE907CC62F303038DF81630F0229C
:201220000A23ADF824C08DF820008DF821108DF814208DF81B3005AD0FCD0FC62B68A4F882
:201240003CC084F83EC03380122061E7FEF730FC00283FF47FAFA368002B3FF47AAD01218F
:201260003846FFF735FB94F8305013E594F83C20002A7FF4A1AD9BB2184A1B49FEF740FCAF
:201280000028FFF699ADE6D042E7012194F83C0084F82C100221A36284F8301000287FF4EB
:2012A0007EAE76E694F82E10384601F009FB94F83050EFE494F82E10384601F001FBD4E998
:2012C0000D2636E50221E1E7012065E7013B03491BBA12BAC1E90032082019E7B068002003
:2012E0000000000000000000BF6A002030B5154C83B000210D464FF4EE72204605F030FD8D
:2013000004F13C01201D00950123402200F0F2F80123402204F17C01009504F1200000F0D7
:20132000E9F804F1BC01012003F096F804F58671E0610120A56103F08FF8C4E90D0503B034
:2013400030BD00BFF06A002010B5064C2046002340F8043B00F04AFA04F12000BDE8104012
:2013600000F044BAF06A00204B79FF2B01D0002070472DE9F041324D6B7882B00BB9AB78AD
:201380001BB1002002B0BDE8F0810C788B782B70074608790E460C4418B36378052B0AD055
:2013A000A3189C4202D306E0A34204D921780C4461780529F8D1DFF89480CDF8048008F131
:2013C00001030246009321460223384601F042F9A0B13379A978C3EBC3031C4431B969783B
:2013E00091B9A01B80B202B0BDE8F08108F25B123846402301F028FA0028F0D1114B1B68CB
:20140000DA07BED500BEBDE7002001F04BFA07460028E6D10C494022A1F5BE7000F0D0F841
:201420000028DED003466978074A384601F00CFA0028D6D1034B1B68DB07D2D500BED0E748
:20144000F06A0020F0ED00E08C6C0020F16A002038B5234CA5788D420AD063788B424FF0B9
:20146000000004D101F01EFA054600B3012038BD9AB204F5AE71201D00F04EF9194B13B17A
:201480000020AFF30080A178002001F00BFA05460028EBD1144800F081F83F28E6D9A178A8
:2014A000124A2846402301F0CFF9012038BD402204F5CE7104F1200000F082F80028D5D04A
:2014C000034604F5CE722846617801F0BDF90028CCD1074B1B68DB07C8D500BEC6E700BF59
:2014E000F06A002000000000F46A00204C6C0020F0ED00E02DE9F041B2F5004F9DF81880F5
:2015000030D8044640691E460F46154618B14FF0FF3103F0E3F9A06918B14FF0FF3103F081
:20152000DDF96A0092B260692760511E00235242E381A580E68084F80880A1816281238214
:2015400018B11A46194602F0ADFDA06938B100231A46194602F0A6FD0120BDE8F0810120A6
:20156000BDE8F0810020BDE8F08100BFC189028A89B292B28B1A91429BB202D242899B1AF2
:201580009BB28088984228BF18467047C289038A9BB2981AB0FA80F040097047C189028A59
:2015A00089B292B28B1A914210B49BB2848802D240891B1A9BB2E01A80B25DF8044B704771
:2015C0002DE9F843044680690E46174618B14FF0FF3103F083F9E089218A80B289B2451A4F
:2015E0008842ADB202D26389ED1AADB2A388AB420AD2C21A984292B245D26189521A92B2FD
:201600002282218A1D4689B2002D40D0BD4228BF3D468B4203D8C91A89B28B42FBD95B1A5B
:20162000B4F8068022689FB2BD4208FB012124D917FB08F91FFA89F94A46304605F06CFB6C
:20164000EA1B12FB08F206EB090092B2216805F063FB228A92B253199BB29A4219D9628902
:2016600013449BB2A069238220B100231A46194602F018FD2846BDE8F88308FB05F2304660
:2016800005F04AFBE5E7A1899142B9D2B5E7238A9BB2A2899A42E5D2E1E700BF70B5054671
:2016A00080690E4618B14FF0FF3103F017F9EC892B8AA4B29BB2E01A9C4280B202D26A8914
:2016C000801A80B2AA88824208D2A11A944289B21CD26889091A89B229821046D0B193420E
:2016E00003D39B1A9BB29A42FBD9EA882968304602FB031105F010FB0124A86920B10023AE
:201700001A46194602F0CEFC204670BDA8898842E2D2DEE70446F0E72DE9F047154612B9B3
:201720002846BDE8F087044640690F4618B14FF0FF3103F0D3F8E689227A218AA388B4F854
:201740000680B6B289B282B39D4204D3ED1A08FB05770E461D469E42304603D3C01A80B200
:201760009842FBD21B1A22681FFA83F94D4508FB002027D808FB05F2394605F0CDFAAB19C1
:201780009BB29E4202D8A2899A4202D2628913449BB26069E3810028C2D000231A4619460F
:2017A00002F080FC2846BDE8F087721A8E4292B202D26189521A92B29A1A92B2954228BF6D
:2017C0001546C8E719FB08FA1FFA8AFA5246394605F0A2FAA5EB090212FB08F207EB0A0105
:2017E00092B2206805F098FAC9E700BF10B50446406918B14FF0FF3103F070F8A06918B10A
:201800004FF0FF3103F06AF8A38860695B009BB2591E5A420023E381A1816281238218B15B
:201820001A46194602F03EFCA06920B100231A46194602F037FC012010BD00BF38B50446F8
:2018400040690D4618B14FF0FF3103F047F8A06918B14FF0FF3103F041F86069257220B184
:2018600000231A46194602F01DFCA06920B100231A46194602F016FC012038BD024B587888
:20188000003018BF01207047246D0020024B1878C0F38000704700BF246D0020014B1878A5
:2018A000704700BF5B6D00202DE9F043374D2C7883B01CB1204603B0BDE8F0833722214668
:2018C0000646334805F04CFA3249012002F0C4FD314B1860002832D030490B464A6833F8F2
:2018E000080B4988009402F06BFB2D4B186030B32C4B6BB32C4FDFF8B880DFF8B890384689
:20190000AFF300803B78C8F800000DE0D8F8003004EB440203EBC2031B6898473B78013413
:20192000E4B21A1DA24225DBA342EFD8E31ADBB2042B1CD803EB430309EBC303ECE71B4B76
:201940001B68DB07B6D500BE204603B0BDE8F083DFF86080144F012458F8183B98473A7835
:201960000432A24204F1010404DB062CF4D100231B68FFDE304601F05FF9304601F05EF97D
:20198000012420462C7003B0BDE8F0835B6D0020246D0020D46C00205C6D0020B46000203F
:2019A000606D002000000000D06C0020F0ED00E0CC6C0020989203002DE9F04F8BB002F01A
:2019C00063F9002800F0DC81DFF85C83DFF85C93DFF850A3DFF858B3D8F800004FF0FF32CE
:2019E00007A902F0E9FD002800F0CA819DF81D30013B072B00F2B881DFE813F01F01FA009D
:201A0000C800B900AD0040000E000800089B002BE2D009989847DFE79DF82010BC4B01F0BF
:201A20007F0403EB440303EBD11393F825006FF3000083F8250093F825006FF3820083F85B
:201A40002500002C00F0CC81B24ADB7C002A00F0C081B14A1278934280F0B981DBF8002053
:201A600003EB430312EBC30300F085811C699DF82120099B9DF81C00A047ADE7A44C9DF8C9
:201A80001C60237843F00103237094F825306FF3000384F8253094F825306FF3820384F80A
:201AA000253094F826306FF3000384F8263094F826306FF3820384F82630002000F0ACFF62
:201AC0009DF8203003F06002602A00F06A81402A00F06E8103F01F03012B00F0C581C0F0F7
:201AE000A281022B40F05D819DF8241001F07F03082B00F2568158002318CF093B44854D94
:201B0000DB7C002D00F0F481834D2D78AB4280F0ED81DBF8005003EB430305EBC3030093FC
:201B2000002A00F0EC815BB1009CE06800F074FFE368304608AA0021984700287FF44CAFC2
:201B40009DF81C00002101F0CDFA80219DF81C0001F0C8FA40E76E4B1B78D9077FF53CAF44
:201B60006E4B002B3FF438AFAFF3008034E7684B1A78D0077FF530AF694A002A3FF42CAFD0
:201B80001878C0F3C000AFF3008025E7624D614A2B78002A00F085800024A342194614D9A3
:201BA000DBF8003004EB440203EBC2035B69BBB19DF81C00984729780134E4B20B1D9C4208
:201BC0003FF70AAF0B46A342EAD8E31ADBB2042B7BD803EB43030AEBC3035B69002BE7D17C
:201BE0000134E4B20B1DA342FFF6F6AE0B46EAE7494D484A2B789DF81C40002A00F0F88004
:201C000000260FE0DBF8003006EB460203EBC2035B68204698472B780136F6B21A1DB2420B
:201C2000C0F28880B342EDD8F31ADBB2042B35D803EB43030AEBC303EAE7374D354A2B78F4
:201C40009DF81C40DAB100260EE0DBF8003006EB460203EBC2035B68204698472B78013623
:201C6000F6B21A1DB24233DBB342EED8F31ADBB2042B13D803EB43030AEBC303EBE7294FDB
:201C800001267B68204698472B7804339E4207F1180706F101061BDC062EF2D100235B6852
:201CA000FFDE204E01247269002A00F0B3809DF81C0090472B78191D8C4206F1180604F153
:201CC00001043FF789AE062CEDD100235B69FFDE0F4C37220021204605F042F84FF0FF3303
:201CE000C4F80730C4F80B30C4F80F30C4F80330C4F81330C4F81730C4F81B30C4F81F30FC
:201D0000A4F8233000F07EFE9DF82030A37063E6246D002000000000D06C0020000000001A
:201D20000000000098920300606D0020F0ED00E0CC6C002037220021BE4805F011F8BE4AEE
:201D40004FF0FF3353619361D3611384136053609360D360136100F055FEB84B002B3FF43B
:201D60003BAEAFF3008037E6D9F80030DA077FF533AE00BE30E6B24B1B68DC0700D500BE3A
:201D80000BB0BDE8F08F581EC0B2FDF7F7FD18B14378022B00F06382D9F80030DB0700D556
:201DA00000BED9F80030DD077FF5CAAE00BEC7E6A44800283FF4C4AE00F02EFE304608AA2C
:201DC0000021FDF739FF00287FF406AEB8E69B1ADBB2042BCFD803EB43030AEBC30345E697
:201DE000099B9DF821209DF81C0000F02BFEF3E5954F01267B68204698472B7804339E42DA
:201E000007F1180706F1010694DC062EF2D100235B68FFDE1A1D944206F1180604F1010467
:201E20007FF751AFD8E5202A00F07A81002AB8D19DF82130092BB4D801A252F823F000BF22
:201E40005520030017200300A31D030075200300A31D0300FD1F0300AB1F0300A31D030003
:201E6000971F0300691F03009DF824300F2B3FF667AE2344754ADB7882B3754A12789342E5
:201E80002AD2DBF8004003EB430314EBC3043FF457AEE06800F0C0FDE36808AA0021304678
:201EA000984700287FF498AD9DF8203013F060047FF446AE9DF821300A3B012B3FF640AE36
:201EC00000F0AAFD9DF821300A2B00F06E8108A9304600F01FFD7FE59B1ADBB2042B3FF634
:201EE0002FAE03EB43030AEBC304D2E75B1BDBB2042B40F22D81002A7FF422AE00929DF8B6
:201F00002130012B04D0C0F02C81032B7FF449AFBDF822509DB9012B00F0348125183D446E
:201F200020356B799B070AD4304601F0DBF86B7943F002036B716B7943F001036B71009D22
:201F4000002D3FF449ADE86800F066FDEB6808AA002130469847002000F05EFD94F82630C0
:201F6000DF073FF539ADB2E79DF8223003931A4663789A4207D06378002B40F01F81039BE9
:201F8000002B7FF400AF9DF80C306370304608A900F0C0FC20E50AAA637802F80E3D30462E
:201FA000012308A900F0CEFC16E5BDF82200030A5A1EC0B20E2A3FF6C3AD01A151F822F0EF
:201FC00009210300ED200300DD200300411B0300411B0300B7200300ED200300411B0300BD
:201FE000411B0300411B0300411B0300411B0300411B0300411B03009120030008A800F053
:2020000011FD30469DF8221000F01EFE237843F002032370E0E4BDF82230012B7FF490AD5C
:20202000237830466FF3C30308A9237000F072FCD2E400BF246D0020276D002000000000EB
:20204000F0ED00E039FC02009892030000000000D06C00202378990801F00201C3F34013CA
:202060000AAA0B4322F80E3D3046022308A900F069FCB1E4BDF82230012B7FF461AD237874
:20208000304643F0080308A9237000F043FCA3E4B14B002B3FF454ADFDF7CAFD024600280C
:2020A0003FF47FAE3046538808A900F04BFC00287FF492AC44E5A94B002B3FF441ADAFF3A3
:2020C0000080024600283FF43BAD3046137808A900F038FC00287FF47FAC31E5BDF824105A
:2020E000FDF752FC02460028EFD129E5022B00F06D819B4B002B3FF423ADAFF300800246D7
:20210000002A3FF44EAECDE7FDF734FC1223024608A9304600F016FC00287FF45DAC0FE550
:202120009DF824300F2B3FF60BAD23448D4ADB782AB18D4A127893421BD39B1ADBB2042B8E
:202140003FF6FEAC03EB43030AEBC304E068EDE403EB43030AEBC3030093002A7FF4E4ACE8
:20216000CDE623183B4420330AAA5B79C3F3400378E7DBF8004003EB430314EBC3043FF47F
:20218000DFACE3E723181F4420377B799A077FF5D6AE304600F0ECFF7B7965F341037B719B
:2021A0007B7965F300037B71C9E60AAA08A902F80E4D3046012300F0C5FB0DE4304600F0DA
:2021C000E7FD694D674AA1782B7800918AB300270EE0DBF8003007EB470203EBC2035B6861
:2021E000304698472B780137FFB21A1DBA420BDBBB42EED8FB1ADBB2042B3FF64FAD03EB32
:2022000043030AEBC303EAE737220021574804F0A7FD574A9DF80030A3704FF0FF3353619D
:202220009361D3611384136053609360D3601361A5E6504B2A4601271D4613466A6801933F
:2022400030469047019B19780431B94205F1180507F10107D8DB062F3FF420ADEEE7C279C9
:202260002378511161F30413921162F34513237043880496C318059300F10907059BBB429D
:2022800040F29C807B780B2B00F09380012300937B78042B7FF480AD059B324ADB1B9BB2EC
:2022A0000293314B1B7842B300220192164619E0DBF8005006EB460305EBC305AB68029AB7
:2022C000049839469847082803D9029B834280F08480254B1B780136F6B21A1DB24201967E
:2022E000FFF65AAD9E42E3D3F31ADDB2042D21D805EB45050AEBC505E0E71E4D019215E0D3
:20230000AB68029A04983946984708282B4602D9029A824211D2144B019A1B78013204335E
:202320009342019205F11805FFF636AD019B052BDEB2E5D100239B68FFDE0546009A012A25
:202340004ED0009B33B3B97862180B46D278FF2A7FF422AD002216E031FC020000000000E6
:202360000000000000000000D06C0020246D0020276D0020989203005318DBB2E018C07847
:20238000FF287FF409AD23440132DE70009BD2B29342F1D833462A463946184801F0A8FCEB
:2023A000174B019A1B7804339A422F447FF766AFF2E43B78FA7800921F4469E7114B049E3E
:2023C000002B3FF4E0ADAFF30080DCE5FDF7D6FA0246002A3FF4E5AC64E62B460546ADE79B
:2023E0009B6809490098094A8B4208BF02200146934208BF02210091A5E700BF376D002041
:20240000D06C0020000000008DFF0200A506030030B589B000248D1E8DF809108DF808000C
:20242000CDF80E40CDF80A40ADF81240032D62D8DFE805F0264108023A4B1978C90760D4D2
:2024400009B030BD374B1978C807F9D51978364841F00401197000682AB3002305AA02A996
:2024600002F030F8059B002BEAD0304B4FF080525A6040BFBFF34F8FBFF36F8F09B030BD92
:20248000284929480B7800686FF300030B700C7800236FF341040C704B700C7863F38204AA
:2024A0000C70002ADAD1134602A94FF0FF3201F0F9FD09B030BD1B490B785B07C0D50B7869
:2024C0008DF8140018466FF38200174C087000230521CDF81A30CDF81630ADF81E30206868
:2024E0008DF81510B2B101AA05A901F0EBFF019B002BA5D0B9E70C4B1868002AD3D00023F8
:20250000ACE7197808486FF3820119700068002AA3D1C8E7134605A94FF0FF3201F0C2FDFD
:202520008EE700BF246D0020606D002000ED00E030B5154D85B0002301248DF80400CDF8EA
:202540000630CDF80A308DF80810ADF80E3028688DF8054082B16A4601A901F0B3FF009BA1
:2025600043B10A4B4FF080525A6040BFBFF34F8FBFF36F8F05B030BD134601A94FF0FF32F3
:2025800001F090FDF6E700BF606D002000ED00E030B50B4685B049688DF804001868114DE4
:2025A00002AC03C4002306212868ADF806308DF8051082B16A4601A901F084FF009B43B1C7
:2025C000094B4FF080525A6040BFBFF34F8FBFF36F8F05B030BD134601A94FF0FF3201F097
:2025E00061FDF6E7606D002000ED00E070B584B0164E9DF82040039207250022CDF8062066
:202600008DF80400ADF80A208DF808108DF8093030688DF805508CB1134601A96A4601F0B4
:2026200051FF009B43B10A4B4FF080525A6040BFBFF34F8FBFF36F8F04B070BD23464FF0D3
:20264000FF3201A901F02EFDF6E700BF606D002000ED00E02DE9F84FDDE90A67002A46D059
:2026600093464A78052A0C460FD191F803A00AF0030A534509D18B7803F07F03082B0DD928
:202680001C4B1B68DA0700D500BE1A4B1B68DB0702D40020BDE8F88F00BEFAE78146002565
:2026A000DFF854800CE06378052BEED1E37803F003035345E9D1A37803F07F03082BDFD899
:2026C00098F80210204601F0E1FA0028D8D02146484600F0CBFA0028D7D0A378DA0914BF0C
:2026E0003B703370237801355D451C44DBD10120BDE8F88FF0ED00E0246D002030B5114D0F
:2027000085B00023082402900193039128688DF8054082B16A4601A901F0D4FE009B43B142
:20272000094B4FF080525A6040BFBFF34F8FBFF36F8F05B030BD134601A94FF0FF3201F035
:20274000B1FCF6E7606D002000ED00E038B58B7803F07F03082B06D90A4B1B68DB0700D52F
:2027600000BE002038BD084B05460C460846997801F08CFA0028EFD021462846BDE83840E7
:2027800000F074BAF0ED00E0246D002070B5164C01F07F0304EB430404EBD114203460797C
:2027A00010F0010504D16379590704D5284670BD0025284670BD0D4E4FF0FF31306802F07A
:2027C0008DF86379DA0707D463795B0704D4637943F0040363710125002330681A4619463C
:2027E00001F060FC284670BD246D00205C6D002038B5134D0C4628684FF0FF3102F06EF861
:20280000104904F07F0301EB430101EBD41120314B7913F0010310D14C79C4F3800424B116
:202820004A7963F382024A710124002328681A46194601F037FC204638BD0024F5E700BF6B
:202840005C6D0020246D002070B5144C01F07F0604EB460404EBD11420346579ED0706D5D5
:202860000F4B1B68DA0700D500BE002070BD657945F00105657100F0DBFA0028F6D163793B
:20288000074A60F300036371637960F3820363711368DB07E9D500BE70BD00BF246D0020BF
:2028A000F0ED00E0054B01F07F0203EB420303EBD11191F8250000F001007047246D00208F
:2028C00010B50C4C01F07F0204EB420404EBD11494F825309B0700D510BD203400F002FCF9
:2028E000637943F002036371637943F00103637110BD00BF246D0020054B01F07F0203EB1C
:20290000420303EBD11191F82500C0F340007047246D00200A4630B4094C4968054610689C
:20292000234603C30023C4E9023392F900209A422846ACBF802119461A4630BCFFF784BF7E
:20294000246E0020F0B50E462B4C496807463068A260254603C50021E181F588AB4228BFB6
:202960002B4683B0A381ADB13BB3002A3DD094F90000402B28BF402300282CDB1F4A3846B4
:20298000FFF762FF98B91E4B1B68DB0712D500BE03B0F0BD96F90030002BACBF80210021A5
:2029A00038462B462A46FFF74FFF0028EBD0012003B0F0BD002003B0F0BD94F90020002AB9
:2029C000ACBF194680211A463846FFF73DFF0028D9D00120ECE71146084801931A4604F028
:2029E0009BF9064A019B8021EEE7054B1B68D907E0D500BE1046CBE7246E0020386E00203B
:202A0000F0ED00E0034B0022C3E90022C3E902221A617047246E0020014B1861704700BFCC
:202A2000246E00200346064A5968006810B41346002403C3C2E902445DF8044B704700BF10
:202A4000246E002070B5424C2278C909B1EBD21F82B0064616D033B13E4B1B68DA0743D4CC
:202A6000002002B070BD3C4B13B12146AFF300802369002B42D03046354A022198470120A2
:202A800002B070BD94F90020A068002A08DB0028E6D01A463149019304F03EF9A068019B7A
:202AA000E589E2881D44ADB21844AA42A060E58101D03F2B25D8236923B1254A0121304631
:202AC000984798B194F9002000239A42ACBF8021194630461A46FFF7B7FE78B91D4B1B681A
:202AE000DB07BDD500BEBCE700BEB9E70146304600F0F8FA3046802100F0F4FA012002B03C
:202B000070BDA28994F90010531B9BB2402B28BF402300290ADB95424FF0000112D00F4AF0
:202B20003046FFF791FE0028D8D0E7E795420BD001461A460948019304F0EEF88021074AF2
:202B4000019BEDE70A46EBE780210022E8E700BF246E0020F0ED00E000000000386E00205D
:202B600042DF704743DF704744DF704712DF70472C4B5B68C3F3080313B9EFF310839BB19A
:202B8000294B93F8D820002A36D1012283F8D8200260BFF36F8FBFF34F8F244A904227D09E
:202BA000043A904224D07047214A53681B06E7D5802110B4C2F88410BFF34F8FBFF36F8F64
:202BC000194B93F8D840E4B9012283F8D8200260BFF36F8FBFF34F8F144A90421DD0043ABE
:202BE00090421AD0124B80225A605DF8044B7047002283F8D8207047014601220D48FFF704
:202C00007DBD5160C2F88410BFF34F8FBFF36F8F93F8D840002CF4D1D6E7002283F8D82055
:202C2000E0E700BF00ED00E0786E00205070024000E100E0712B0300704700BF014B802275
:202C40005A60704700E100E0074BD3F80014D3F8002400200A434FF48001C3F80024C3F857
:202C60005801C3F80413704700700240F0B488788D88CC78424FC10900F07F0202EB4203C5
:202C80004E00DB000E4403EB86033B4404F00304C5F30A05012C1D812BD0012303FA02F523
:202CA000B9B1384902329340C1F80433D1F810352B43C1F81035334B40F48072C3F818053C
:202CC000C3F80C25BFF36F8FBFF34F8F0120F0BC70472C4C02F10C06B340C4F80433D4F815
:202CE000143502F594722B43C4F8143544F82210E1E7082A08D0244B186810F00100E6D035
:202D000000BE0020F0BC7047E9B9B7F8D4301BB11C4B8022C3F81C251A4A0023C2F850318A
:202D2000D2F8003313F4001308BFC2F85431154B4FF44012C3F80423D3F8142542F4807273
:202D4000C3F81425B7E7B7F8C8200E4B0021C3F82C1112B18022C3F81C250A4AD2F8003326
:202D600013F4001308BFC2F85431064B074AC3F80423D3F8102542F48072C3F810259AE716
:202D8000786E002000700240F0ED00E000082000214B8022F0B4C3F88420BFF34F8FBFF343
:202DA0006F8F1E4A1E4E0D21012500231D4CA1F10A004FEA810C05FA01F7644405FA00F071
:202DC000013138431429C6F808036360A362C2E90033C2E90233C2E9043302F11802E5D115
:202DE0001149124AC6F80823C6F81C35C1F8C0307362C1F8C430B364C1F8C830C6F814550B
:202E0000C1F8CC30C6F81055C1E93433024B80225A60F0BC704700BF00E100E0906E00201F
:202E200000700240D06F0240786E00200008300001F07F00F0B54FEA400CCE090F460CEB64
:202E4000000571009D4CED00314405EB810104EB010E6250002283B0AEF80430AEF8062094
:202E6000002832D1002B39D1954BD3F88034C3F3C0139E4232D0934B5B68C3F30803002B9B
:202E80004DD1EFF31083002B49D18F4B5A68150645D58022C3F88420BFF34F8FBFF36F8F48
:202EA00094F8D810002940F0E980884A012384F8D8301360BFF36F8FBFF34F8F002384F810
:202EC000D830814B80225A603AE04EB963199A7A002A40F08580012003B0F0BD002E40D0F3
:202EE000844404EBCC0400EB8003618A228AA58AE468521A9B0092B203F1804303F51C3382
:202F00007349C3F80046AA4228BF2A4601EB8000C3F80426FFF72CFE012003B0F0BD94F833
:202F2000D83003F0FF02002B42D16849012384F8D8300B60BFF36F8FBFF34F8F84F8D820DF
:202F4000604B5A68C2F30802003218BF012200230092184639461A46FFF748FB012003B01A
:202F6000F0BD584B5B68C3F308033BBBEFF3108323BB554B5A68100620D58022C3F88420C6
:202F8000BFF34F8FBFF36F8F94F8D810002977D1504A012384F8D8301360BFF36F8FBFF3F5
:202FA0004F8F002384F8D830474B80225A6092E7012246494848FFF7A1FBC1E794F8D83015
:202FC00003F0FF02002B5DD14249012384F8D8300B60BFF36F8FBFF34F8F84F8D8207AE7F1
:202FE00008289E722ED1364BD3F8C024D1033FF572AFD4F8C0003349C3F8A007C3F8A42749
:203000004B68C3F30803002B42D1EFF31083002B3ED12D4B5A6812063AD58022C3F88420ED
:20302000BFF34F8FBFF36F8F94F8D81000293CD12A4A012384F8D8301360BFF36F8FBFF3B5
:203040004F8FB1E765591E499A8800F5947400EB800651F82440DB88D21A93B2A4B201EBC2
:2030600086011F4AC1F80057A34228BF2346C1F8043702EB8000FFF77BFD2CE75A6009E78F
:203080005A607BE7012213491348FFF737FB22E794F8D8305BB9114A012384F8D8301360EB
:2030A000BFF36F8FBFF34F8F15E75A60B6E701220A490948FFF722FB0DE700BF786E0020EA
:2030C0000070024000ED00E000E100E050700240047002404C700240712B03004870024061
:2030E00028700240F8B511F07F0314D0082B0DD01C4C41F48072C909C4F8182506D103EBB3
:203100004302194DD200A818867A66B9BFF36F8FBFF34F8FF8BD134B01225A65BFF36F8F6E
:20312000BFF34F8FF8BD03F59476817254F826608188B0F806C0AF580C48A1EB0C018AB2DC
:20314000B5B203EB830C04EB8C04AA4228BF2A46C4F8007700EB8300C4F80427FFF708FD46
:20316000D4E700BF00700240786E00202870024011F0770F12D00A4B41F48072C3F80C1582
:20318000C3F80C25CA09C3F8181504BF01F5947143F82120BFF36F8FBFF34F8F704700BF98
:2031A000007002402DE9F04F8C4B8D4CD3F80003002387B01E461F46012520FA03F11A1900
:2031C000C9074FEA820209D5116839B105FA03F117600E43BFF36F8FBFF34F8F0133192BAE
:2031E000EBD1F70700F1CE81DFF80C82350508D57A4BD3F8A83601229BB2A8F8D23088F859
:20320000D720B40214D5754BD3F81425D00500F11082D3F81025D00540F1F08198F8D730EE
:20322000002B40F01282012203210020FFF7F0F871021FD5694BD3F8004404F4E062C3F83B
:203240000024E20500F1EA81670510D5634B0122C3F808259A65D3F8002312F4001208BF31
:20326000C3F854215D4B4FF40012C3F80423A50500F1CE8134022BD5584BD3F88024D2B289
:203280008DF81020D3F88414C9B28DF81110D3F888048DF81200D3F88C048DF81300D3F849
:2032A00090048DF81400D3F894048DF81500D3F898048DF81600D3F89C348DF81730500625
:2032C00001D1052904D0012204A90020FFF760F9444B33404BB198F8D830002B40F03C812D
:2032E000414B1B68DA0700F1AE81DFF80C91DFF8ECA0DFF808B1C8464D46002410E022443C
:2033000008EBC2020123D188A980D2880093002318463946FFF76AF9082F45D0013418353C
:2033200004F10C0326FA03F3DB07E7B2F4D504EB84030AEB83032968D3F808376200DBB2B4
:203340001019194408EBC0002960C1889BB2194489B2082CC180D2D029899942CFD1C388EE
:20336000A9889942CBD9002FD6D1204B5B68C3F30803002B40F07282EFF31083002B40F0B9
:203380006D821B4B5A68100640F168828022C3F88420BFF34F8FBFF36F8F98F8D810002903
:2033A00000F08E825A60F2E7124B3340002B00F0C3800A4BD3F86C74C3F86C74BFF36F8F01
:2033C000BFF34F8F16F4806640F0B980CDE90266024EDFF82CA000241CE000BF0070024062
:2033E000409C0010FCFB1F00F0ED00E000ED00E000E100E000040001786E00204C70024077
:20340000019C0010002C00F0AD81072D3BD0013409F1180927FA04F304EB840C04EB44025A
:20342000D90706EB8C0C08EBC202E5B2EAD5DCF80836D9F80C10DBB201EB030EC9F80CE0E0
:20344000518A0B449BB25382518AB9F810B004EB0A008B454FF000034FEA800045F080015A
:203460007ED9538AB9F81420CCF800E6ABEB030B1FFA8BF3934228BF1346CCF80436FFF745
:2034800077FB072DC3D1FB0371D4039B002B6ED1BE0309D5B8F81E20B8F81C30934200F257
:2034A0006681012388F822307D0309D5B8F83620B8F83430934200F20181012388F83A3060
:2034C0003C0309D5B8F84E20B8F84C30934200F21F81012388F85230F80209D5B8F86620EA
:2034E000B8F86430934200F25981012388F86A30B90209D5B8F87E20B8F87C30934200F29F
:203500006281012388F882307A0209D5B8F89620B8F89430934200F26B81012388F89A301D
:203520003B0209D5B8F8AE20B8F8AC30934200F27481012388F8B23007B0BDE8F08FD3F87E
:203540008024D3F8803483F08003C3F3C0130393C2F3C01302933BE7002388F8D830C4E69F
:203560000120528A00901846FFF740F84DE7B8F80620B8F80430934200F2DF80012388F87A
:203580000A3085E7BE4BBF4ADFF83083BE4800240125C2F81455C2F81055546094625C60F1
:2035A0009C629C60DC62DC601C631C615C635C619C639C61DC63DC611C6454629464C2F8BF
:2035C0005841D2F80034D2F800140B43C2F80034D2F80033C2F808332146C2F8040340469A
:2035E000DC2203F0BDFB40232A4621462046A8F81430A8F80830FEF79BFFF7E54FF4001206
:20360000C3F80823032101220020FEF701FF0FE6012205210020FEF7FBFE2BE60122C3F82D
:203620002C2504210020FEF7F3FE67057FF51FAE0CE6D3F8C024D10314D5D3F81035DF050F
:203640007FF5F1ADEAE500BE4FE600240121B8F8D220009123462046882188F8D740FEF719
:20366000C5FFE0E5D8F8C0008849C3F8A007C3F8A4274B68C3F30803002B34D1EFF310835F
:203680008BBB834B5A6812062DD58022C3F88420BFF34F8FBFF36F8F98F8D81000297BD10C
:2036A0007C4A012388F8D8301360BFF36F8FBFF34F8F774B80225A60724BBEE7714AD8F8DA
:2036C0003040D2F8A814B8F83600C2F828471B1A9BB289B28B4228BF0B46C2F82C376E4850
:2036E000FFF746FAECE698F8D830002B40F0AA80684A012388F8D8301360BFF36F8FBFF372
:203700004F8F604BD3F81035DC053FF587AD8AE55C4AD8F84840D2F8AC14B8F84E00C2F818
:203720003C471B1A9BB289B28B4228BF0B46C2F840375A48FFF71CFACEE6524AD8F8004005
:20374000D2F8A014B8F80600C2F800471B1A9BB289B28B4228BF0B46C2F804375048FFF7EF
:2037600007FA95E6029B002B3FF451AE5FE6454AD8F81840D2F8A414B8F81E00C2F8144772
:203780001B1A9BB289B28B4228BF0B46C2F818374448FFF7EDF987E65A6077E7394AD8F81E
:2037A0006040D2F8B014B8F86600C2F850471B1A9BB289B28B4228BF0B46C2F854373A48EB
:2037C000FFF7D6F994E62F4AD8F87840D2F8B414B8F87E00C2F864471B1A9BB289B28B42FA
:2037E00028BF0B46C2F868373048FFF7C1F98BE6244AD8F89040D2F8B814B8F89600C2F8FB
:2038000078471B1A9BB289B28B4228BF0B46C2F87C372748FFF7ACF982E61A4AD8F8A8402C
:20382000D2F8BC14B8F8AE00C2F88C471B1A9BB289B28B4228BF0B46C2F890371D48FFF765
:2038400097F979E6012213491B48FEF757FF0D4BD3F81035DD053FF5E1ACE4E498F8D830E1
:2038600003F0FF02002B3BD1012388F8D830CBF80030BFF36F8FBFF34F8F88F8D8204DE594
:2038800004700240007002400514C00100ED00E000E100E048700240307002403470024096
:2038A000287002402C700240387002403C7002404070024044700240712B0300786E0020EB
:2038C000012388F8D830CBF80030BFF36F8FBFF34F8F002388F8D830044B80225A601DE5B1
:2038E000012259460248FEF709FF17E500E100E0712B030030B5012883B000F09B8053D3F1
:2039000002283CD1B44BD3F80435002B40F0CB80B14AD2F800341C05FBD54FF40063C2F87D
:203920000034BFF36F8FBFF34F8FAC4AAC4B12681B68082A00F0CB80A749AA4A8023012014
:20394000C1F81C35C1F80403C2F884315360A64D43F204044FF080432268AA4211D0D3F827
:203960000C14D3F80C24D003F6D5CA07F4D59A4B0122C3F80425BFF36F8FBFF34F8F03B015
:2039800030BD02AA002102F8041D1046FFF7EEF89DF804000028E2D010460191FFF7E4F8F3
:2039A000019A002AD8D0E2E78B4BD3F80025002AE5D14FF480014FF40062C3F80813C3F831
:2039C0000024BFF36F8FBFF34F8F844B1B68082B00F0AC80804B0122C3F80025BFF36F8F64
:2039E000BFF34F8F43F2040203F18D5303F57723126803F2DB539A4200F0BF804FF08043EC
:203A0000D3F80C24D3F80C34D90301D5D207B6D443F20402744B12689A4200F00C81734B00
:203A200000221A601B6801934FF08043012201991A60A4E7684BD3F80025002A9FD00022B1
:203A4000C3F80425BFF36F8FBFF34F8F65498020C1F88400BFF34F8FBFF36F8FD3F8001399
:203A6000C3F80813C3F80025BFF36F8FBFF34F8F43F2040103F18D5303F57723096803F24A
:203A8000DB53994200F08E80594B01221A60594B5A68C2F30802003218BF0122022100204A
:203AA000FEF7B6FC6BE743F204024F4B12689A4200F0AC804FF08043D3F80C24D3F80C34BE
:203AC000DB037FF525AFD5077FF522AF57E7032B09D8494A1168002979D1484C49F275305F
:203AE0001060216010605A1E022A10D8424A1168002964D1424D3948394B00681B6849F2BC
:203B0000753414602960146008287FF415AF032B3FF612AF3B493C4B40F2E37040220860A6
:203B20001A60BFF36F8FBFF34F8F05E72C4B1B685A1E022A12D8304B1A68002A40F08D80F3
:203B40002F4949F2753203201A6008601A60234A234B12681B68082A7FF43CAF032B3FF6C1
:203B600039AF254B1A68002A73D1244949F27532C0201A6008601A602CE702AB002203F895
:203B8000042D1846FEF7F2FF9DF8041000293FF435AF18460192FEF7E7FF019B002B7FF4C1
:203BA000EEAE35E702A800F8042DFEF7DFFF9DF80430002B3FF468AFFEF7D4FF67E7074903
:203BC000074B0F4A08681B68002111609CE70B4A0021116087E700BF00700240300100102B
:203BE0003401001000E100E0DBE5B151000100400400004000ED00E000EC064014EC064033
:203C000014ED0640007802400478024002AB002203F8042D1846FEF7A9FF9DF8041000291D
:203C20003FF448AF18460192FEF79EFF019B002B7FF4A5AE6CE602A8002300F8043DFEF7FD
:203C400095FF9DF80430002B3FF4E9AEFEF788FF95E6044BC0221A60BCE6034B03221A60E1
:203C600075E700BF14EC064014ED064008B50020FDF71AFE20B9034B1B68DB0700D500BE94
:203C800008BD00BFF0ED00E0FDF708BEC378828803F003000228C2F30A021DD013D8012802
:203CA0000FD1022940F2FF3308BF4FF48063934211D20E4B186810F001000CD000BE00205C
:203CC00070470020704702290CBF4FF4806340239342EED301207047022902D0402AE8D842
:203CE000F8E7B2F5007FE4D1F4E700BFF0ED00E00A44914216D230B44C78052C05D00C7878
:203D000021448A42F8D830BC70478C7804F07F0500EB4505E4092B550C7821448A42EBD869
:203D200030BC7047704700BF29DF704728DF70470F4B984217D00F4B984210D010B50E49A2
:203D400004460E4800F092F8214610220B4800F09FF80B490948BDE8104000F0C7B809497B
:203D6000064800F0C3B80849044800F0BFB800BFDDCCBBAA44332211349303000C630020B6
:203D80004C930300209303001093030030B5012183B00C2002F096FC23484FF4E1310446F1
:203DA000FBF7CEFB03E04FF4FA7000F0EFF82046FBF7DEFB0028F6D04FF46C2425682846F4
:203DC000FFF7B6FF194A1A4B1A4917489D4208BF134602AD019300F049F855F8041D124873
:203DE000102200F09BF84FF080531869B4FBF0F0FFF79CFF012229462046FFF795FF0E4982
:203E0000094800F073F840F6B83000F0BFF8BFF34F8F0A490A4BCA6802F4E0621343CB600E
:203E2000BFF34F8F00BFFDE70C63002044332211DDCCBBAA509303006C93030000ED00E053
:203E40000400FA0508B501210C2002F0BFFC4FF4967000F09BF80C20002102F0B7FC4FF4A6
:203E60009670BDE8084000F091B800BF69B170B5054608460C4603F07DFB2B680246214680
:203E800028465B68BDE8704018470846704700BFF0B506688BB022B93368C9B298470BB0A0
:203EA000F0BD0AACD2B20023022A04F8043D05462CBF10460A20B1FBF0F200FB1217FBB27A
:203EC000092F03F130078ABF3733FBB2DBB2114604F8013D002AEED1204603F04BFB73689E
:203EE00002462146284698470BB0F0BD036870B505460C465E6849B1084603F03BFB214693
:203F000002462846B0472B685E680446284602220149B047204470BD88930300F0B50546DF
:203F20008BB0066862B93368C9B2984704462B6815495B6828460222984720440BB0F0BD8D
:203F40000AACD2B20023022A04F8043D2CBF10460A20B1FBF0F200FB1217FBB2092F03F1A5
:203F600030078ABF3733FBB2DBB2114604F8013D002AEED1204603F0FDFA214602467368C9
:203F8000284698470446D2E788930300014638B54FF47A7200238002890D02F0F5FC0546E7
:203FA00001F0A4F80446FBF793F901F09FF8001B854200D838BD281ABDE8384001F0BAB9B2
:203FC00038B51C469DF8105043B3002908BF1A460123C4E90F01226084F8463001F0CEFE45
:203FE000D4E90F132268A26001FB03F1CB1A134400200A44FF21A063E36084F844106260C4
:2040000084F8451004F1100002F0FCFB04F1240002F0F8FB01F0BCFE84F84C50204638BDC5
:20402000F8B5074615460E4669B100FB01F0503002F066FC044690B3002200F1500380F892
:204040004620036007E0502002F05AFC044630B384F846602460C4E90F7601F08FFED4E9B8
:204060000F132268A26001FB03F1CB1A134400200A44FF21A063E36084F84410626084F884
:20408000451004F1100002F0BDFB04F1240002F0B9FB01F07DFE84F84C502046F8BD00249A
:2040A0002046F8BD2DE9F04F044685B01D460192884601F063FEA26BE36BA84F4FF0000961
:2040C0009A424E46C0F08B80022D00F006810198002800F03081B9F1000F00F0958001F0FE
:2040E00057FE00F0FBFF01F049FE94F84430FF2B08BF84F8446094F84530FF2B08BF84F8CA
:20410000456001F045FE01A902A801F015FB002840F0188101F032FEA26BE36B9A4277D0E1
:2041200001F036FE01F02AFE94F845304FFA83FABAF1000F1ADD636AC3B104F1240907E07F
:204140000AF1FF33DBB24FFA83FA7BB1636A6BB1484601F097FA0028F2D001F025FB0AF1C4
:20416000FF33DBB24FFA83FA002BEFD1FF2384F8453001F00DFE01F001FE94F844304FFA87
:2041800083FABAF1000F1ADD2369C3B104F1100907E00AF1FF33DBB24FFA83FA7BB12369C4
:2041A0006BB1484601F06EFA0028F2D001F0FCFA0AF1FF33DBB24FFA83FA002BEFD1FF239E
:2041C00084F8443001F0E4FD01F02EF801F0D6FDA26BE36B9A424FF00109BFF475AF226C5D
:2041E000A66B002A40F0FC8025680136002D00F01881A663636A002B40F08C8001F0C8FD6B
:20420000012005B0BDE8F08F02A801F089FA66E704F1100901F0BCFD4846019901F0B6F9B9
:2042200001F0ACFD94F845A04FFA8AFABAF1000F1CDD636AD3B104F1240B08E00AF1FF3A62
:204240005FFA8AF34FFA83FA83B1636A73B1584601F018FA0028F1D00AF1FF3A01F0A4FA50
:204260005FFA8AF34FFA83FA002BEED1FF2384F8453001F08DFD01F081FD94F844304FFA72
:2042800083FABAF1000F06DC15E00AF1FF33DBB24FFA83FA7BB123696BB1484601F0F2F952
:2042A0000028F2D001F080FA0AF1FF33DBB24FFA83FA002BEFD1FF2384F8443001F068FDD6
:2042C00000F0B2FF002881D14FF080537B6040BFBFF34F8FBFF36F8F78E7226CA66B002A6F
:2042E00082D04146E06802F017FD236CE26821685B421A448A42E26080F089806268134492
:20430000E360022D00F083800136A663636A002B3FF474AF04F1240001F0B4F900283FF498
:204320006DAF0E4B4FF080525A6040BFBFF34F8FBFF36F8F62E7009001F02AFD009805B0C0
:20434000BDE8F08F01F01AFD94F845506DB2002D18DD636AB3B104F1240607E000ED00E0CB
:20436000013DEBB25DB26BB1636A5BB1304601F089F90028F4D0013D01F016FAEBB25DB29E
:20438000002BF1D1FF2384F8453001F001FD01F0F5FC94F844506DB2002D16DD2369A3B10D
:2043A00004F1100605E0013DEBB25DB26BB123695BB1304601F066F90028F4D0013D01F08E
:2043C000F3F9EBB25DB2002BF1D1FF2384F8443001F0DEFC00F028FF002005B0BDE8F08F6B
:2043E00041465DBBA06802F097FCA368216C62680B44934206F10106A360FFF4FAAEA66366
:20440000636A2268A260002B3FF4F8AE82E7002E7FF4EFAE0123A363636A002B3FF4EEAEA7
:2044200078E7606801F032FAA663636A6560002B7FF470AF00287FF474AFDFE6E06802F023
:204440006BFC236CE26821685B421A448A42E260BFF457AF52E700BFF8B50C4679B3002589
:204460000123216081F84630C1E90F35064601F085FCD4E90F322168A56303FB02F39A1AC6
:204480000A440B44FF27C4E90131E26084F8447004F1100084F8457002F0B4F904F124001A
:2044A00002F0B0F901F074FCC4E90055E56084F84C602B462A4629462046FFF7F3FD20468F
:2044C000F8BD00BF2DE9F0418C4682B004461746EFF31186402282F31188806BE26B904283
:2044E00021D3022B05D0002086F3118802B0BDE8F08194F84550226CD4F838806DB252BB6D
:20450000236808F10108002B4FD06B1CC4F8388037D001356DB284F84550012086F3118829
:2045200002B0BDE8F08194F84550226CD4F838806DB2002AE4D073B9A06802F0EDFBA3686A
:20454000216C62680B44934208F10108A360DCD32368A360D9E76146E068019302F0DCFB92
:20456000206CE2682168019B404202448A42E26002D262681044E060022B10D008F1010829
:20458000C3E7636A002BC8D004F1240001F07AF80028C2D0002FC0D001203860A4E7B8F1FF
:2045A000000F08BF4FF00108AFE76068019301F06DF9019B6360A8E72DE9F047044684B0DB
:2045C0008846019201F0DAFBD4F83890B9F1000F40F09380019B002B00F00A8102A801F047
:2045E0009FF8B34F4E4604F1240501F0D1FB00F075FD01F0C3FB94F84430FF2B08BF84F835
:20460000446094F84530FF2B08BF84F8456001F0BFFB01A902A801F08FF8002840F087800D
:2046200001F0ACFBA36B002B40F0E88001F0B0FB0199284600F0AAFF01F0A0FB94F8453047
:204640004FFA83F9B9F1000F06DC15E009F1FF33DBB24FFA83F97BB1636A6BB1284601F013
:2046600011F80028F2D001F09FF809F1FF33DBB24FFA83F9002BEFD1FF2384F8453001F052
:2046800087FB01F07BFB94F844304FFA83FABAF1000F1ADD2369C3B104F1100907E00AF1CA
:2046A000FF33DBB24FFA83FA7BB123696BB1484600F0E8FF0028F2D001F076F80AF1FF33C6
:2046C000DBB24FFA83FA002BEFD1FF2384F8443001F05EFB00F0A8FD00287ED14FF0805322
:2046E0007B6040BFBFF34F8FBFF36F8F01F046FBD4F83890B9F1000F76D0226C52B1E16801
:20470000636811449942E16024BF2168E160404602F002FB09F1FF33A3632369002B40F022
:20472000C98001F035FB012004B0BDE8F08701F025FB94F845304FFA83F9B9F1000F06DCAC
:2047400015E009F1FF33DBB24FFA83F97BB1636A6BB1284600F096FF0028F2D001F024F8E7
:2047600009F1FF33DBB24FFA83F9002BEFD1FF2384F8453001F00CFB01F000FB94F84430D9
:204780004FFA83FABAF1000F1ADD2369C3B104F1100907E00AF1FF33DBB24FFA83FA7BB101
:2047A00023696BB1484600F06DFF0028F2D000F0FBFF0AF1FF33DBB24FFA83FA002BEFD128
:2047C000FF2384F8443001F0E3FA00F02DFD01F0D5FAA36B63B101F0DBFA01F0CFFAD4F8B1
:2047E0003890B9F1000F88D1019B002B7FF4FDAE01F0CEFA002004B0BDE8F08701F0C8FA9E
:2048000001F0BCFA94F845304FFA83F9B9F1000F06DC15E009F1FF33DBB24FFA83F97BB1F1
:20482000636A6BB1284600F02DFF0028F2D000F0BBFF09F1FF33DBB24FFA83F9002BEFD108
:20484000FF2384F8453001F0A3FA01F097FA94F844304FFA83FABAF1000F1ADD2369C3B1BE
:2048600004F1100907E00AF1FF33DBB24FFA83FA7BB123696BB1484600F004FF0028F2D084
:2048800000F092FF0AF1FF33DBB24FFA83FA002BEFD1FF2384F8443001F07AFA00F0C4FC05
:2048A00001F06CFAD4F83890B9F1000F9CD024E700ED00E004F1100000F0E4FE00283FF4DE
:2048C00030AF054B4FF080525A6040BFBFF34F8FBFF36F8F25E700BF00ED00E02DE9F043BE
:2048E000044685B00026019101F048FAA36BB24FB0463546002B40F0F380019B002B00F049
:204900005D81B8F1000F00F0FC8001F041FA00F0E5FB01F033FA94F84430FF2B08BF84F80E
:20492000445094F84530FF2B08BF84F8455001F02FFA01A902A800F0FFFE00286CD101F02F
:204940001DFAA36B002B40F0E08001F021FA2368002B00F03C8104F124094846019900F0CE
:2049600015FE01F00BFA94F845304FFA83F8B8F1000F06DC15E008F1FF33DBB24FFA83F85E
:204980007BB1636A6BB1484600F07CFE0028F2D000F00AFF08F1FF33DBB24FFA83F8002B80
:2049A000EFD1FF2384F8453001F0F2F901F0E6F994F844304FFA83F8B8F1000F1ADD236979
:2049C000C3B104F1100907E008F1FF33DBB24FFA83F87BB123696BB1484600F053FE002827
:2049E000F2D000F0E1FE08F1FF33DBB24FFA83F8002BEFD1FF2384F8443001F0C9F900F00A
:204A000013FC002864D14FF080537B6040BFBFF34F8FBFF36F8F5BE001F0B0F994F8453028
:204A20004FFA83F8B8F1000F1ADD636AC3B104F1240907E008F1FF33DBB24FFA83F87BB111
:204A4000636A6BB1484600F01DFE0028F2D000F0ABFE08F1FF33DBB24FFA83F8002BEFD1EA
:204A6000FF2384F8453001F093F901F087F994F844304FFA83F8B8F1000F1ADD2369C3B1C2
:204A800004F1100907E008F1FF33DBB24FFA83F87BB123696BB1484600F0F4FD0028F2D078
:204AA00000F082FE08F1FF33DBB24FFA83F8002BEFD1FF2384F8443001F06AF900F0B4FB1A
:204AC00001F05CF9A36B002B00F08A8001F060F901F054F9A36B4FF00108002B3FF40DAF65
:204AE0002268013BA363002A00F09E802369002B40F0898001F04CF90126304605B0BDE895
:204B0000F08302A800F00CFEFFE601F041F901F035F994F845304FFA83F8B8F1000F1ADDDB
:204B2000636AC3B104F1240907E008F1FF33DBB24FFA83F87BB1636A6BB1484600F0A2FD7D
:204B40000028F2D000F030FE08F1FF33DBB24FFA83F8002BEFD1FF2384F8453001F018F9D1
:204B600001F00CF994F844304FFA83F8B8F1000F1ADD2369C3B104F1100907E008F1FF33AC
:204B8000DBB24FFA83F87BB123696BB1484600F079FD0028F2D000F007FE08F1FF33DBB265
:204BA0004FFA83F8002BEFD1FF2384F8443001F0EFF800F039FB8BE700ED00E0009301F075
:204BC000E7F8009B1E46304605B0BDE8F08301F0D5F8606800F018FE064601F0D9F8BAE67A
:204BE00001F0D6F8002E88D001F0C8F8616A19B1236B1968C1F10501606800F073FE002614
:204C000001F0C6F879E704F1100000F03BFD00283FF470AF064B4FF080525A6040BFBFF311
:204C20004F8FBFF36F8F65E700F092FE60605DE700ED00E0074B1A681AB19A6802B170473E
:204C4000012210B403EBC20443F8321060605DF8044B7047B87B002070B505460C461646B0
:204C600001F08CF895F84430FF2B04BF002385F8443095F84530FF2B04BF002385F84530B9
:204C800001F086F8AB6B2BB93246214605F1240000F0B8FC01F072F895F8454064B2002C5F
:204CA00016DD6B6AA3B105F1240605E0013CE3B25CB26BB16B6A5BB1304600F0E3FC002889
:204CC000F4D0013C00F070FDE3B25CB2002BF1D1FF2385F8453001F05BF801F04FF895F8C9
:204CE000444064B2002C16DD2B69A3B105F1100605E0013CE3B25CB26BB12B695BB1304610
:204D000000F0C0FC0028F4D0013C00F04DFDE3B25CB2002BF1D1FF2385F84430BDE870408C
:204D200001F036B82DE9F041044601F027F8344A344D1368013313602B68002B2FD0324E95
:204D4000E36A32682AB33148314907680A689F4238BF03602F48013203EB83030A6000EB0D
:204D60008300E263211D01F05DFD01F011F833686BB12A68E36AD26A9A4208D2264B4FF0B0
:204D800080525A6040BFBFF34F8FBFF36F8FBDE8F0812A68D26A9A4298BF2C60D3E72C605F
:204DA0001368012B02D0E36A174ECCE71948DFF894801A4F144E01F025FD194801F022FD7A
:204DC000184801F01FFD184801F01CFD174801F019FD404601F016FD384601F013FD144831
:204DE00001F010FD134801F00DFD134801F00AFD124B134AC2F800801F60E36AA3E700BF03
:204E0000C46F0020546F002024700020D86F0020D46F0020606F002000ED00E0F06F0020A3
:204E2000746F0020886F00209C6F0020B06F0020107000203C700020287000205C6F0020DF
:204E4000586F0020DC6F00202DE9F843DDE90964002C60D016B93046BDE8F8830D469700D1
:204E6000984602233A4684F85130814626633046A52101F075FF2A78236B84F83420043F7E
:204E80002A781F4427F0070702B36B7884F835306B78DBB1AB7884F83630AB78B3B1EB7811
:204EA00084F83730EB788BB12B7984F838302B7963B16B7984F839306B793BB1AB7984F8F7
:204EC0003A30AB7913B1EB7984F83B30089D042D28BF04250026E5626564201D84F83B60C5
:204EE000A66401F09BFCC5F1050504F1180001F095FCE66442464946A561246184F85060B9
:204F00006462384600F0FEFE20602046FFF70AFF2046BDE8F8832046BDE8F8832DE9F04723
:204F20009600804630460D469946099F01F0E8FC002869D08246542001F0E2FC0446002812
:204F40005BD00023C0F830A03246504684F85130A52101F005FF2A78236B84F83420043E73
:204F60002A781E4426F0070A02B36B7884F835306B78DBB1AB7884F83630AB78B3B1EB782F
:204F800084F83730EB788BB12B7984F838302B7963B16B7984F839306B793BB1AB7984F816
:204FA0003A30AB7913B1EB7984F83B30089D042D28BF04250026E5626564201D84F83B60E4
:204FC000A66401F02BFCC5F1050504F1180001F025FCE664A561246184F8506064624A4679
:204FE0004146504600F08EFE206007B13C602046FFF798FE0120BDE8F087504601F092FC00
:205000004FF0FF30BDE8F0874FF0FF30F3E700BF70B584B0002503AA02A901A8CDE9015574
:2050200001F072FA019C002C46D00298002843D0039E20630223B600A521324684F8513025
:2050400001F08EFE236B1F4A6263201D84F83850043E84F83B50E562C4E911551E4401F0E0
:20506000DDFB04F1180001F0D9FB26F007060523A3612A461449E56430462461646284F8E4
:20508000505000F03FFE20602046FFF74BFE0F4B1C6000F0DBFD012811D1402383F3118803
:2050A0000B490C4A0C4B4FF0FF340C6010601D6000F03EFE04B070BD044B00221A6004B078
:2050C00070BD00BF49444C45B953030004700020087000202470002050700020024A136830
:2050E00001331360704700BFD06F0020014B1868704700BF50700020024A1368184410607F
:20510000704700BF507000202DE9F04F3B4B1B6883B0002B42D13A4B1F6801371F60002F78
:205120004AD0384B01931B68BB423BD8364EDFF8EC80DFF8ECA0DFF8EC90002525E0336869
:20514000DB68DC68636804F1040B9F42584651D301F092FBA36A04F118000BB101F08CFB8A
:20516000E36AD8F8002003EB8300934259460AEB800088BFC8F8003001F054FBD9F8003020
:20518000E26ADB6A9A4228BF012533681B68002BD5D1019A4FF0FF33136004E01B4A136863
:2051A0000133136000251A4B1B68002B0CBF2846012003B0BDE8F08F134E164B3168164A24
:2051C00018683060196013680133136033681B683BB90C4B01931A464FF0FF33136013468A
:2051E000A1E73368074ADB680192DB685B681360134698E7019A1360D5E700BFD06F00202C
:205200005070002008700020586F0020CC6F0020547000205C6F00200C700020D86F002002
:20522000606F0020546F00202DE9F04700F0A6FD354B1A68013A1A601C68002C57D1334BAF
:205240001B68002B53D0DFF8E0A0314E314FDFF8DC90DFF8DC80336813B3F368DC68251D6F
:2052600004F1180001F008FB284601F005FBE36A3A6803EB83009342294609EB800088BF6F
:205280003B6001F0CFFAD8F80030E26ADB6A9A424FF00103DFD3CAF800303368002BDCD1F2
:2052A0003CB11D4B1A6812683ABB1C4B4FF0FF321A601B4D2C6844B10126FFF725FF08B16C
:2052C000CAF80060013CF8D12C60DAF8003073B1144B4FF080525A6040BFBFF34F8FBFF389
:2052E0006F8F012400F054FD2046BDE8F087002400F04EFD2046BDE8F0871A68074BD268D9
:20530000D26852681A60D4E7D06F0020C46F002010700020D86F0020586F0020087000202C
:20532000CC6F002000ED00E054700020606F0020546F002070B548B9184B4FF080525A603B
:2053400040BFBFF34F8FBFF36F8F70BD144A15491368154E013313600D6804463068043015
:2053600001F08AFA336864195C600FD20F4B18683168043101F066FA0D4B1A68944238BF63
:205380001C60FFF751FF0028D6D070BD094B18683168043101F056FAF3E700BF00ED00E007
:2053A000D06F002050700020546F0020586F0020087000205C6F00202DE9F84F3C4E3D4DF0
:2053C0003D4CDFF80891DFF80881DFF808B14FF0805A2368D3B100F0D1FCF368DF68381D08
:2053E00001F04AFA2B68013B2B602368013B236000F0CEFC97F85130002B37D0012BE8D1F3
:20540000384601F08FFA2368002BE4D12B4B1B68012B06D9CBF804A040BFBFF34F8FBFF37D
:205420006F8F00F041FED9F8003033BBD8F80030DB6A002BCDD1214B1B68012BC9D8204B1B
:20544000204A1B6812689B1A012BC2D91E4A136801331360D9F80030BBB1D8F80030DB6A2D
:205460000BB9164B1B68FFF7DFFEB2E7386B01F059FA384601F056FAABE7D8F80030DB6A9B
:20548000002BA6D10D4B1B68A3E7D8F80030DB6A002BE8D1094B1B68012BE4D8084B18684A
:2054A000084B1B68C01A0128DDD900F0DDFCDAE73C700020C46F0020C86F0020606F00206E
:2054C0000870002050700020D06F0020D86F0020546F002000ED00E0274B1B68002B40D1AD
:2054E000264A70B5264C13602268236812681B6B9A423AD9234D24492A68930098188000FC
:205500000858E0B9561EB30098198000085830BB961EB30098198000085800BBD61EB30095
:20552000981980000858D0B9161FB300981980000858A0B9053A93009818800008581344C6
:205540009B00CE1808337068406870600B44984204BF40687060C36823602A6070BD3246FE
:20556000EDE7064B01221A60704720682168343100F0C6FFBEE700BFD06F002054700020E0
:20558000546F0020D86F0020606F002070B5174D2B680C4603F1180101F054F9144B1E6834
:2055A0002868043001F068F9631C17D02B68A4195C600BD20F4B18682968043101F042F9BA
:2055C0000D4B1A68944238BF1C6070BD0B4B18682968BDE87040043101F034B929680848CB
:2055E0000431BDE8704001F01DB900BF546F002050700020586F0020087000205C6F00206E
:205600002870002070B5194D2B680C46164603F1180101F007F9164B5EB11B682868043051
:2056200001F02AF9296813480431BDE8704001F0F9B81E682868043001F01EF92B68A4199C
:205640005C600BD20C4B18682968043101F0FAF80A4B1A68944238BF1C6070BD084B186811
:205660002968BDE87040043101F0ECB8546F00205070002028700020586F00200870002080
:205680005C6F002038B5C368DC6804F11805284601F0F2F81A4B1B682BBB251D284601F0F9
:2056A000EBF8184AE36A116817488B4288BF136003EB8303294600EB830001F0B3F8134BAE
:2056C000E26A1B68DB6A9A4282BF114B01201860104B1A68126898BF00204AB90E4B4FF03B
:2056E000FF321A6038BD29460C4801F09BF8E6E71A68094BD268D26852681A6038BD00BFC4
:20570000D06F0020D86F0020606F0020546F002054700020586F00200870002010700020EE
:20572000034A044B12681B68C0E90023704700BF0C70002050700020F8B50D46044600F0D8
:205740001DFB2B681649581C0A6813D0DFF854C0D4E90060DCF80070BE4201D090421AD994
:20576000121A93420BD800232B60012500F010FB2846F8BD002500F00BFB2846F8BDDCF841
:2057800000009B1A0A682B60C4E90002002500F0FFFA2846F8BD012500F0FAFA2846F8BD4A
:2057A000507000200C700020014B01221A60704754700020084B186860B9084B1B6853B91B
:2057C000074A084B10681B68013B984214BF012002207047002070471070002054700020EC
:2057E00028700020C46F0020054B1B6833B1054B1B68002B0CBF022000207047012070474D
:2058000024700020D06F002018B3F8B51C4CC36A2268D26A934214D28269002A04DB226869
:20582000D26AC2F105028261164D426903EB830305EB83039A420DD02368DB6AC3620120C8
:20584000F8BD2368406CDB6A98422CBF00200120F8BD7047061D0746304601F00DF822683F
:20586000094BD06A1A68F862904200D9186000EB800005EB8000314600F0D4FF0120F8BDB0
:20588000546F0020606F0020D86F002050B138B5C16A836C426C013B9142836400D01BB187
:2058A000002038BD00207047051D0446284600F0E3FF0A4A636C1168E362C3F105008B42E9
:2058C000A061074888BF136003EB830300EB8300294600F0A7FF012038BD00BFD86F00209B
:2058E000606F002048B1426CC36A914238BF11468B4202D0826C012A00D07047826970B575
:20590000114DC162002A03EB83034269A8BFC1F1050105EB8303A8BF81619A4200D070BD06
:20592000061D0446304600F0A7FF084BE06A1A68904288BF186000EB800005EB80003146EC
:20594000BDE8704000F06EBF606F0020D86F0020044B1A681AB119688A6C01328A641868CB
:20596000704700BF546F00202DE9F04FAD4EDFF8C482AD4D89B033681C68002C00F08E80E5
:20598000DB681C68FFF7AAFBFFF7B0FBD8F80030984207465DD38442C8F8000040F20B8169
:2059A0000022E11B2868FFF757F9FFF73DFC88B99E4A4FF08053536040BFBFF34F8FBFF395
:2059C0006F8F07E0019B039920469847009B002B80F23881286800226946FEF7EDFD00280C
:2059E000C9D0009B029C002BECDB636913B1201D00F042FFFFF77AFBD8F8003098428146D9
:205A000043D3009BC8F80090092BE3D8012202FA03F313F4047F69D113F0C70F40F0A18093
:205A20009B06D7D594F82C30002BD3D1204600F079FFCFE7DB68DC68D3F800A004F10409EA
:205A4000484600F019FF636A20469847E369012B36D033681A68002AECD17549C8F800702E
:205A60000A6832600B60FFF7DFFBB3E7DB68DF68D3F800B007F1040A504600F0FDFE7B6ADC
:205A800038469847FB69012B25D033681A68002AECD167490A6832600B60B2E7FFF71EFB59
:205AA000FFF724FBD8F8003083420746D1D8604BC8F800701B681A68B2FA82F2520970E764
:205AC000A36953449A45494622D263602461306800F0B8FEBDE7BB695B449B45514627D264
:205AE0007B603F61306800F0ADFECEE7019B246103EB09024A45A36162602CD8002B3FF472
:205B000069AF4B4B211D186800F09CFE286862E72B68002B9DD00023CDE9043A0694FFF7E4
:205B200063FE00231A4604A92868FEF7BBFA90E72B68002BA9D00023CDE9043B0697FFF741
:205B400053FE00231A4604A92868FEF7ABFA9CE74B4500D998B13068211D00F073FE28689E
:205B600039E7019BA269246199182CBF0120002049456160ECD8A9EB03039A42C1D8636A0D
:205B800020469847E369012B7FF424AF019BA2692868134400283FF41EAF0022CDE904234D
:205BA0000694FFF721FE00231A4604A92868FEF779FA28680FE7FFF737FB3368DB68D3F8B7
:205BC0000C9009F1040A504600F056FED9F81C30012B04D0D9F8243048469847FAE6D9F8E7
:205BE0001830C9F81090E218BA42C9F8042004D95146306800F026FEECE73F1BBB421BD8E4
:205C00002B68002BE6D00023CDE90434CDF81890FFF7EAFD00231A4604A92868FEF742FAC4
:205C2000D8E700BF58700020DC72002000ED00E05C70002088720020034B5146186800F068
:205C400001FEC7E7029CD0E65C700020F0B5204C89B000F093F82568FDB100F099F820684E
:205C6000C8B1002407AA06A905A8CDE9054400F059FCDDE905300221CDE90010079A02931C
:205C8000144915482346FFF7DFF8144A0346001B18BF0120136009B0F0BD114F114E384644
:205CA00000F0B0FD304600F0ADFD0F4A0F4900950F4B17600E600F4A10212020FEF780F97A
:205CC00020600028C9D00C49FEF7B4FFC5E700BFDC7200209493030069590300E07200204C
:205CE0006072002074720020587000205C7000208C720020607000208C930300402383F3CF
:205D00001188FEE730B46FF002034FF08075074C40F8045C40F80C4C40F8081C40F8202C2E
:205D200040F8243C30BC4438704700BFFD5C03000F4C08B5E02384F8223000F077F80D4BF1
:205D40000D4A00211960D4F8883043F47003C4F88830536843F040435360236943F01003BA
:205D6000236100F04FF9402383F31188FEE700BF00ED00E0E472002030EF00E0402383F336
:205D80001188024A1368013313607047E4720020034A1368013B13600BB983F311887047CE
:205DA000E472002041DF704712DF704770B51B4B00251D6082B01B680193019BEFF3118663
:205DC000402383F31188164A164BD2F804451D601B680093009BFFF789F9241A24F07F44C2
:205DE000012C0DD844B1FFF78FF9054625B10E4B4FF080525A6040BF86F3118802B070BDE9
:205E0000FFF7F2FC0228EED1013CFFF77DF9013C631C45EA0005F8D1E8E700BF4011014033
:205E2000001001400011014000ED00E00B4B0C4930B41F200B4DC3F8080501220224E020BB
:205E4000C3F804232A601A60C3F8444381F811034FF400330B6030BC704700BF00100140F9
:205E600000E100E0081001402DE9F041804684B0EFF3108272B6584CA36883B9574B5848FE
:205E80000121A160D3F8801001402160C3F88000D3F8841061604FF0FF31C3F8841002B9EE
:205EA00062B6504ED6F80475FFF784FC00283DD04D4A4E49424528BF4246BB1823F07F436E
:205EC00001200025C6F80803C6F840350D600B6801934FF480330199C6F80433BFF34F8FF7
:205EE000B8F1000F54D13F4B404D41494FF48030C3F80803002028602D680395039D08608E
:205F00000968029101210298C3F80413D3F804353249DB1B23F07F45954228BF15464FF447
:205F20000033012DC1F8803111D827D0A3685BB1EFF3108372B6294A21681160616851601B
:205F40000022A26003B962B604B0BDE8F081681EFFF7D2F8274BDB68DA010FD5264A1368DA
:205F6000DB070BD5254B516803FB05F5A5F57425A5F51075AD0A01EB85155560FFF7C4F848
:205F80000028D3D01E4B4FF080525A6040BFCDE7F1EE103A23F09F03E1EE103AF1EE103A2F
:205FA0000E4B04A84FF480614026C3F88461C3F8841100F8045DFFF7F7FE9DF80C1039B97B
:205FC00020BFD3F80001D3F804110143F8D08AE7FFF7E8FE87E700BFCC7B002000E100E088
:205FE000FC06FFBD00100140FDFFFF004011014000110140F0ED00E0001000E040420F0075
:2060000000ED00E00748006880F3088862B661B6BFF34F8FBFF36F8F4FF0E00080F311885F
:2060200000DF00BF00F00200064B19680868B0E8F04F80F30988BFF36F8F4FF0000080F351
:2060400011887047546F0020EFF30980BFF36F8F144B1A681EF0100F08BF20ED108A20E96D
:20606000F04F10604DF8043D4FF0400080F31188BFF34F8FBFF36F8FFFF72EFA4FF00000C3
:2060800080F3118808BC19680868B0E8F04F1EF0100F08BFB0EC108A80F30988BFF36F8F8A
:2060A000704700BF546F0020704700BF0A490B4A0B4B9B1A03DD043BC858D050FBDC0948D7
:2060C00009494FF0AD32026004300439FBD100F029F9F9F7BDF800006C9603000060002075
:2060E000F062002000F8032000080000FEE7FEE7FEE7FEE7FEE7FEE7FEE7FEE7FEE7FEE719
:2061000008B50020F9F7DEF8FDF740FE0E4B43B10E4B7BB1FDF796FE00F0E2F9AFF3008063
:20612000F8E7FDF78FFE00F0DBF9FDF78BFE00F0D7F9F6E7FDF786FE00F0D2F9FDF782FE7A
:2061400000F0CEF9F6E700BF000000000000000000B583B000F06EFA00F0F2FB0E4B0193E2
:2061600001234FF480620D4900930D480023FEF7D5FE4FF4407000F027FAFEF749FFBFF3BA
:206180004F8F0849084BCA6802F4E0621343CB60BFF34F8F00BFFDE7E87200209C930300B3
:2061A0000161030000ED00E00400FA05114B1A78EAB90178104810B40A464FF0804402F03F
:2061C0000102C1F34001C4F88015C4F878250268D20706D4E021012280F80013C0F88021F8
:2061E0000260012205481A705DF8044B70470448704700BFC87B002000E100E00000AD0B4A
:206200000C00AD0B0268074B4FF0804010B400214FF46074C0F80843196002B11A605DF805
:20622000044B7047F47200204FF080434FF46072C3F80423704700BF10B54FF0804386B066
:20624000D3F80443620705D5D3F8082103F58473002A4ED1A30603D52A4B1A68002A3FD10B
:20626000600603D5284B1A68002A2FD1210602D5264B1A680ABBE20502D5254B1A6892B910
:20628000A3050ED5234B1A685AB100221A601A68214B0592059A1B68022006B0BDE8104068
:2062A000184706B010BD00221A601B4A1B68049301201368049A9847E2E700201860164A07
:2062C0001B6803931368039A9847D4E700221A60124A1B68029301201368029A9847C5E720
:2062E000002018600D4A1B6801931368019A9847B6E700221A600A4A1B6800931368009AEB
:206300009847A7E714010040180100401C0100402001004024010040F4720020F072002037
:20632000EC720020604B1B6830B45C1C37D05F4A082B126800F08F805B4B5C4A1B681268B0
:20634000082B15D0591C23D0584A1268082B12D0574AD2F8883043F47003C2F88830BFF39B
:206360004F8FBFF36F8F534B534A1A6030BC7047002A00F08280032AEAD84FF08043D3F85F
:206380000024D20744BF6FF00102C3F80024DFE74A4A4B4B12681B78C2F30312D6E7484AA6
:2063A000464B12781B68082AC3F3031301D1032B53D9424A424B12681B78C2F30312082BF2
:2063C000BAD1032AB8D84FF080523E4BD2F80414C3F82015D2F80814C3F82415D2F80C1445
:2063E000C3F82815D2F81014C3F82C15D2F81414C3F83015D2F81814C3F83415D2F81C14D5
:20640000C3F84015D2F82014C3F84415D2F82414C3F84815D2F82814C3F84C15D2F82C1414
:20642000C3F85015D2F83014C3F85415D2F83414C3F86015D2F83814C3F86415D2F83C1464
:20644000C3F86815D2F84014C3F86C15D2F84424C3F8702570E7032A0CD8134B1B684FF0A0
:2064600080420021581CC2F80C11C2F81011C2F838159ED00D4A1268A1E7134C1349144D29
:2064800025601448144AFB24C1F8184501681268124C21F00F0102F00F020A434FF4007122
:2064A0000260216050E700BF300100103401001000ED00E00C6100200090D003E80F00F0D9
:2064C000E00F00F000C000408C56004000F0004048810300E40E004058020010409602400B
:2064E00008B5F8F7F5FE054B4FF080525A6040BFBFF34F8FBFF36F8F08BD00BF00ED00E052
:20650000704700BF704700BF044B036010B46423034C0C6013605DF8044B7047F87200207F
:206520004C730020054B036010B44FF48073044C0C6013605DF8044B704700BFDC74002016
:206540003075002070B51F4C84B04FF0FF3203A92068FEF731F80028F7D00398037A45683C
:20656000052B0DD8DFE803F0272A221C1503D0E90361D0E90523C06900903046A8470398EE
:2065800003681BB1184600F0A5F9039800F0A2F9DBE7D0E90523D0E90301A8470398EFE7F2
:2065A000D0E90412C068A8470398E9E7D0E90301A8470398E4E7A8470398E1E7C068A8470F
:2065C0000398DDE73479002030B540230B4D83B004460022184604212B60FDF721FD084BDD
:2065E000084918600223CDE90031A2B2002306490648FEF793FC03B030BD00BF3079002006
:206600003479002038790020A493030045650300BFF34F8F0549064BCA6802F4E062134306
:20662000CB60BFF34F8F00BFFDE700BF00ED00E00400FA054FF08043194AD3F800141948C8
:2066400030B41160D3F80054D3F80024164C17492A43C3F80024D4F84025026001224FF4D0
:206660000030C3F818259A60C1F88000BFF34F8FBFF36F8F0E4C03F588334FF0A0454FF40B
:2066800080304FF0FF31C3F84803C3F808035A609A60C5F80815C4F8081530BC704700BF46
:2066A0003C7900204079002000A0004000E100E00003005008B54FF080434E22C3F81C250D
:2066C000FFF7A6FF20281BD83C4B53F820301F2B86BF03F01F033A4A4FF0A0420E290FD85B
:2066E000DFE801F0655F59534D474039322B241D160F080003F5E07340F2037142F823103C
:20670000704703F5E07340F2036142F82310704703F5E07340F2035142F82310704703F5D0
:20672000E07340F2034142F82310704703F5E07340F2033142F82310704703F5E07340F21A
:20674000032142F82310704703F5E07340F2031142F82310704703F5E0734FF4403142F803
:206760002310704703F5E0734FF4003142F82310704703F5E073134942F82310704703F589
:20678000E073114942F82310704703F5E073042142F82310704703F5E0730C2142F82310AF
:2067A000704703F5E073032142F82310704703F5E073002142F82310704700BFB0930300FA
:2067C00000030050040002000C000300202811D80A4B53F820301F2B88BF03F01F034FF04B
:2067E00001028CBF06484FF0A04002FA03F311B1C0F808357047C0F80C357047B093030088
:206800000003005000F108034FF0FF310022816002604360C0E90333704700BF00230361D6
:20682000704700BF4368026810B49C688C609C684B600132616099605DF8044B086102600E
:20684000704700BF30B40D686B1C11D000F1080200E01A4653681C68AC42FAD904684B60AF
:20686000013499608A6051600861046030BC704702695368F2E700BF42688168036910B45E
:20688000916081685C684A601A68844208BF5960013A002101611A6018685DF8044B7047D5
:2068A00010B50446FEF7A0FF022804D02046BDE8104000F021BAFEF711FC204600F01CFAA3
:2068C0000446FEF7B1FC0CB1204610BDFFF71AFEFAE700BF10B50446FEF786FF02280AD1A0
:2068E00044B1FEF7FBFB204600F00EFABDE81040FEF79ABC10BD2046BDE8104000F004BA44
:2069000010B50446FEF7EAFB204600F0F5F90446FEF78AFC0CB1204610BDFFF7F3FD204649
:2069200010BD00BF50B110B50446FEF7D7FB204600F0EAF9BDE81040FEF776BC704700BF29
:2069400008B501211920FFF7BDFE01211920FFF73DFF01210B20FFF7B5FE01211920FFF79A
:2069600035FF01210D20FFF7ADFE01210D20FFF72DFF01210C20FFF7A5FE01210C20BDE8A8
:206980000840FFF723BF00BF53B94AB9002908BF00281CBF4FF0FF314FF0FF3000F072B91E
:2069A000ADF1080C6DE904CE00F006F8DDF804E0DDE9022304B070472DE9F047089E0446C3
:2069C0008846002B4BD18A42154667D9B2FA82F24AB1C2F1200701FA02F320FA07F7954069
:2069E00047EA030894404FEA154E230CB8FBFEF71FFA85FC0EFB178843EA084307FB0CF15B
:206A0000994209D9EB1807F1FF3080F01B81994240F21881023F2B445B1AA4B2B3FBFEF0C6
:206A20000EFB103344EA034400FB0CFCA44509D92C1900F1FF3380F00781A44540F20481C7
:206A400002382C4440EA0740A4EB0C0400271EB1D4400023C6E900433946BDE8F0878B42F5
:206A600009D9002E00F0EB800027C6E9000138463946BDE8F087B3FA83F7002F47D18B4280
:206A800002D3824200F2FA80841A61EB030301209846002EE0D0C6E90048DDE702B9FFDED1
:206AA000B2FA82F2002A40F08F80491B4FEA154E1FFA85F80127B1FBFEFC230C0EFB1C1184
:206AC00043EA014308FB0CF1994207D9EB180CF1FF3002D2994200F2CD808446591AA3B2DB
:206AE000B1FBFEF00EFB101443EA044408FB00F8A04507D92C1900F1FF3302D2A04500F287
:206B0000B6801846A4EB080440EA0C409FE7C7F1200CBB4022FA0CFE4EEA030E01FA07F406
:206B200020FA0CF521FA0CF34FEA1E482543B3FBF8F92C0C08FB19331FFA8EFA44EA0343DE
:206B400009FB0AF49C4202FA07F200FA07F10BD91EEB030309F1FF3080F087809C4240F2CB
:206B60008480A9F1020973441B1BADB2B3FBF8F008FB103345EA034400FB0AFAA24508D907
:206B80001EEB040400F1FF336BD2A24569D90238744440EA0940A0FB0289A4EB0A044C45A2
:206BA000C2464B4654D351D0002E69D0B1EB0A0564EB030404FA0CFCFD40FC404CEA0505CD
:206BC000C6E90054002747E7C2F1200320FA03F7954001FA02F021FA03F34FEA154E384389
:206BE000010CB3FBFEF71FFA85F80EFB173341EA034107FB08F38B4204FA02F407D969186E
:206C000007F1FF3C2FD28B422DD9023F2944CB1A81B2B3FBFEF00EFB103341EA034100FB55
:206C200008F38B4207D9691800F1FF3C17D28B4215D902382944C91A40EA07473BE73746BA
:206C4000304609E70746E7E61846FBE64145ABD2B8EB020A69EB0E0201381346A4E760469C
:206C6000E9E7184695E76746D1E781467CE702382C4447E7ACF1020C2B442FE7384608E766
:206C80003746E9E6704700BF08B5074B044613B10021AFF30080054B1868836A03B1984782
:206CA000204602F071FA00BF000000003494030070B50D4E0D4CA41BA4100025A54209D155
:206CC0000B4E0C4C02F062FAA41BA4100025A54205D170BD56F8253098470135EEE756F858
:206CE000253098470135F2E7E0620020E0620020E0620020EC620020024B0146186800F0B9
:206D000085B800BF10610020024B0146186800F02FB800BF1061002010B5431E0A44914264
:206D200000D110BD11F8014B03F8014FF7E7884210B501EB020307D8421E99420AD011F8BA
:206D4000014B02F8014FF8E78342F5D98118D21AD34200D110BD13F8014D01F8014DF7E775
:206D600002440346934200D1704703F8011BF9E738B50546002945D051F8043C0C1F002BDB
:206D8000B8BFE41801F052FA1F4A1368104633B9636014602846BDE8384001F048BAA34283
:206DA0000CD921686218934204BF1A685B68636004BF521822600460ECE713465A680AB18F
:206DC000A242FAD919685818A0420BD120680144581882421960DDD1106852685A600144F4
:206DE0001960D7E702D90C232B60D3E7206821188A4204BF11685268626004BF0918216063
:206E00005C60C7E738BD00BF4479002070B5CD1C25F0030508350C2D38BF0C25002D064635
:206E200001DBA94203D90C233360002070BD01F0FDF9214A1468214691B9204C23681BB956
:206E4000304600F087FB20602946304600F082FB431C24D10C233360304601F0E8F9E4E74F
:206E60000B685B1B18D40B2B0FD90B60CD50CC18304601F0DCF904F10B00231D20F0070020
:206E8000C31AD3D05A42E250D0E78C424B6816BF636013600C46EBE70C464968CCE7C41CA7
:206EA00024F00304A04205D0211A304600F052FB0130CFD02560DBE744790020487900203D
:206EC0002DE9FF4755EC104B0D9FDDF830A0002D0E4691461946B8BF22462B4627F0200724
:206EE000BBBF05F100431D4600232D23B8BF1446462F0B7004D0452F00D10136022100E0F5
:206F0000032103AB019302AB00933246534645EC104B00F0C5FB472F804602D119F0010F56
:206F200026D0462F08EB060911D198F80030302B0AD1002200232046294602F0A7F818B990
:206F4000C6F10106CAF80060DAF800309944002200232046294602F099F838B93022039BF4
:206F60004B4505D2591C03911A70F8E7CDF80C90039B0E9AA3EB08034046136004B0BDE8A6
:206F8000F087F7B500290446BABF49422D232B23092904F8022B437020DD0DF107031F4641
:206FA0000A2691FBF6F506FB15113031092D03F8011C03F1FF32294609DC3031023B02F843
:206FC000011CBB42224604D3101A03B0F0BD1346E7E713F8012B04F8012BF2E730231944BF
:206FE0008370021DC170EFE72DE9F04F8DB00C46DDF8588016461F46054601F009F903687D
:207000000493184600F0B6FA00230A93D8F800300590073323F0070303F1080294F818A0ED
:20702000D4F800B0C8F80020D3E90023C4E91223D4E9128929F000430793CDF818804FF049
:20704000FF32A74BDDE9060102F052F870BB4FF0FF32A34BDDE9060102F02CF830BB00228B
:2070600000234046494602F01BF810B12D2384F843309C4A9C4BBAF1470F8CBF9046984606
:2070800003232BF00402236122604FF00009009733460BAA2146284600F0E6F9013040F091
:2070A0008D804FF0FF300DB0BDE8F08F42464B464046494602F01CF810B18C4A8C4BDAE711
:2070C00061684B1C4BF480620AA83ED1062363600023CDE9020309AB009349EC108B0DF1BF
:2070E00023032260CDF804A061682846FFF7E8FE0AF0DF03472B804609D1099BD81C02DB09
:207100006268934247DDAAF1020A5FFA8AFABAF1650F099924D80139524604F150000991BA
:20712000FFF72FFF0A9A1318012A8146236102DC2268D10701D5013323619DF82330002B05
:20714000A5D02D2384F84330A1E7BAF1670F00F07781BAF1470FBBD10029B9D10123B6E7E9
:20716000BAF1660F19D1002963680CDD216113B92268D20702D501330B442361099BA365ED
:207180004FF00009D9E713B92268D00701D50233F3E70123F1E74FF0670ADDE90932934253
:2071A00005DB22682361D107E8D50133E5E7002BD4BFC3F1020301231344DEE723685A05AB
:2071C00007D42369424631462846B84701302BD167E7BAF1650F40F2DC8000220023D4E9B2
:2071E000120101F053FF002833D00123414A31462846B84701303FF454AFDDE909239A4246
:2072000002DB2368D8070FD5DDE9042331462846B84701303FF445AF4FF0000804F11A09BB
:207220000A9B013B434509DC23689B0700F10381E0680B9B9842B8BF184634E701234A46F2
:2072400031462846B84701303FF42BAF08F10108E6E7099B002B2BDC0123264A31462846EE
:20726000B84701303FF41DAF099B23B90A9B13B92368D907D8D5DDE9042331462846B84705
:2072800001303FF40EAF4FF0000904F11A0A099B5B424B4501DC0A9B94E70123524631466B
:2072A0002846B84701303FF4FCAE09F10109EEE70A9AA36D9A42A8BF1A46002A914607DD3E
:2072C0001346314642462846B84701303FF4E9AE04F11A034FF0000B29EAE979069315E08F
:2072E000FFFFEF7F3C940300389403004494030040940300489403000123069A3146284646
:20730000B84701303FF4CDAE0BF1010BD4F858A0AAEB09035B45EFDCDDE909239A42D044D5
:2073200015DB2368DA0712D40A9B0999A3EB0A02A3EB010A9245A8BF9246BAF1000F0EDCD7
:207340004FF000082AEAEA7A04F11A0919E0DDE9042331462846B8470130E5D1A1E6534685
:20736000424631462846B8470130E9D199E601234A4631462846B84701303FF492AE08F102
:207380000108DDE909239B1AA3EB0A034345EEDC4AE70A9A012A01DCDB073AD501234246D6
:2073A00031462846B84701303FF47BAEDDE9042331462846B847013008F101083FF471AE06
:2073C0000A9B002203F1FF3AD4E91201002301F05DFEC8B95346424631462846B8470130C3
:2073E0000ED15EE60123524631462846B84701303FF457AE08F101080A9B013B4345F1DC29
:207400004B4604F15002DEE64FF0000804F11A0AF2E70123DFE701234A4631462846B84715
:2074200001303FF43EAE08F10108E3680B9A9B1A4345F0DCFCE64FF0000804F11909F4E7E6
:2074400000293FF48BAE0023CDE9020309AB009349EC108B2260CDF804A00DF12303284625
:20746000FFF72EFD804648E62DE9F04791461F468A680B69DDF820809342B8BF1346C9F82D
:20748000003091F8432006460C4612B10133C9F800302368990642BFD9F800300233C9F828
:2074A0000030256815F0060507D104F1190AE368D9F800209B1AAB4228DC94F843302268A4
:2074C000003318BF012392062DD404F1430239463046C047013020D02368E568D9F80020C5
:2074E00003F00603042B08BFAD1AA36822690CBF25EAE57500259342C4BF9B1AED184FF093
:2075000000091A344D451AD1002008E00123524639463046C047013003D14FF0FF30BDE8BF
:20752000F0870135C3E7E1185A1C302081F84300224494F8451082F843100233C5E7012360
:20754000224639463046C0470130E6D009F10109D8E7000038B5064C00230546084623609F
:2075600001F004FE431C02D1236803B12B6038BDD87B0020034613F8012B002AFBD1181A0C
:20758000013870472DE9F74F03690C69A3428046C0F28280013C01F114074FEA840C00F15B
:2075A000140657F8245056F8240006EB0C03013507EB0C090193B0FBF5F595B34FF0000A85
:2075C0003846B646D34650F8042B93B205FB03A34FEA134A9BB2ABEB0303120CDEF800B093
:2075E00005FB02A213FA8BF34FEA124A1FFA82FBDEF80020CBEB124202EB23429BB243EA65
:20760000024381454FEA224B4EF8043BDBD256F80C3033B9019B043B9E421A4630D3C8F833
:207620001040404601F01AF8002825DB013530464FF0000C57F8042BD0F800E093B2ACEB50
:207640000303120C13FA8EF3C2EB1E4202EB23429BB243EA0243B9454FEA224C40F8043B3E
:20766000E8D256F8242006EB84032AB9043B9E421A460BD3C8F81040284603B0BDE8F08FB1
:207680001268043B002ACAD1013CC5E71268043B002AEFD1013CEAE70020EEE700000000DD
:2076A0002DE9F04F57EC106B97B0456A069104460B921293DDF88080CDE900673DB9102086
:2076C000FFF7EEF86062C0E901550560C560636A196851B15A684A60012393408B6020467F
:2076E00000F0DAFD636A00221A603B1EBBBF23F00043019300230122ACBFC8F80030C8F83C
:207700000020AF4BDDF8048033EA080314D1129A42F20F731360009B23B9C8F313000028A7
:2077200000F04285219BDFF8ACB2002B00F044850BF1030300F03EBDDDE90067002200235E
:207740003046394601F0A2FC814668B1129A01231360219B002B00F024859A4B219A03F16E
:20776000FF3B136000F028BD14AA15A947EC106B204600F0EAFFC8F30A550490002D7CD0F7
:20778000C7F3130343F07F5BB2464BF4401BA5F2FF35CDF84C9000228B4B5046594601F0F0
:2077A00055F881A3D3E9002301F008FA80A3D3E9002301F04DF8064628460F4601F094F9C1
:2077C0007DA3D3E9002301F0F9F902460B463046394601F03DF806460F4601F09FFC0022C4
:2077E000824600233046394601F05AFC48B1504601F07AF932463B4601F048FC08B90AF185
:20780000FF3ABAF1160F59D8704901EBCA01DDE90023D1E9000101F061FC002850D00AF189
:20782000FF3A00230F93149B5D1BB5F1010849BFC5F10103002305934FF0000858BF059301
:20784000BAF1000F3EDB0023D044CDF838A00793069B092B00F29080052BC4BF043B069385
:20786000069BA3F10203CCBF00250125032B00F28F80DFE803F07D7F3171DDE914531D44E3
:2078800005F23240202813DDC0F14000009B08FA00F805F2124023FA00F048EA000001F048
:2078A00013F901238246A1F1F87B013D139372E7009BC0F1200003FA00F0F0E70123B1E7A2
:2078C0000F90B0E7059BA3EB0A030593CAF10003079300230E93BBE701230A930B9B002B4F
:2078E00059DD02939946666A00227260042202F114009842716853D9204600F099FC636A56
:207900003060B9F10E0FD3F800B000F2E680002D00F0E3809DED007BBAF1000F8DED107BF9
:2079200074DD2A4A0AF00F0302EBC30393ED007B4FEA2A16F0068DED087B65D5244BDDE9ED
:207940001001D3E9082301F063FACDE9000106F00F0603251E4F4CE001230A930B9B534460
:2079600003F1010902934B46012BB8BF0123BAE70023B2E70023F0E70125002306930A9544
:207980004FF0FF3302939946002212230B92AAE701230A93F4E70123029399461A46F5E70D
:2079A000013171605200A2E761436F63A787D23FB3C8608B288AC63FFB799F501344D33F4B
:2079C0000000F07F499403000000F83F809403005894030053940300F10708D5DDE908018D
:2079E000D7E9002301F0EAF8CDE90801013576100837002EF0D1DDE90823DDE9000101F07F
:207A000007FACDE900011AE00225A3E700F0A080CAF100069F4BA04F06F00F0203EBC2039F
:207A2000D3E90023DDE9100101F0C8F8CDE90001361100230225002E7FD1002BE1D10F9B92
:207A4000002B00F08780DDE900670022934B3046394601F025FB00287CD0B9F1000F79D05B
:207A6000029B002B35DD0AF1FF330893394600228B4B304601F0A2F8CDE90001029F01355E
:207A8000284601F031F8DDE9002301F097F80022844B00F0DDFE0546A1F15076002F5DD139
:207AA0000022814BDDE9000100F0D0FE2A463346CDE9000101F012FB002840F088822A46E3
:207AC00006F10043DDE9000101F0EAFA002840F07C82DDE91023CDE90023159B002BC0F21B
:207AE0005081BAF10E0F00F34C816A4B03EBCA0393ED007B0B9B002B8DED027B80F2D88030
:207B0000B9F1000F00F3D48040F05E820022664B51EC170B01F052F8DDE9002301F0D4FA40
:207B20004F464E46002840F0348231230BF101058BF800300AF1010A2FE2F20705D5D7E95B
:207B4000002301F03BF8013501237610083772E7022574E7CDF820A04F4691E74D4B03EBCC
:207B6000C70353E902010A9B002B47D002460B4600204E4901F04CF92A46334600F066FE52
:207B8000CDE90C015D46DDE9000101F0C7FA064600F0AAFF02460B46DDE9000100F056FE7D
:207BA000303605F8016BDDE90C23CDE9000101F077FA002863D1DDE900230020374900F013
:207BC00045FEDDE90C2301F06BFA002840F0B780A5EB0B039F427FF77CAF0022304BDDE905
:207BE0000C0100F0EBFF0022CDE90C012C4BDDE9000100F0E3FFCDE90001C4E72A4633465E
:207C000000F0DCFFCDE90C010BEB07055E46DDE9000101F083FA074600F066FF30370246AA
:207C20000B46DDE9000100F011FE06F8017BAE42CDE900014FF0000226D11C4BDDE90C019A
:207C400000F006FE02460B46DDE9000101F046FA002874D1DDE90C230020144900F0F6FDDD
:207C600002460B46DDE9000101F01AFA00283FF430AF15F8013C302B05F1FF3202D0DDF8F2
:207C800020A04AE01546F4E7054B00F097FFCDE90001BCE780940300589403000000F03F5F
:207CA0000000244000001C40000014400000E03FDDE900675D46DDE902233046394601F0F0
:207CC000A7F801F02BFA804600F00EFFDDE9022300F074FF02460B463046394608F1300621
:207CE00000F0B4FD05F8016BA5EB0B06B14502460B4639D100F0ACFDDDE9022306460F461B
:207D000001F0ECF9C8B9DDE902233046394601F0BDF910B118F0010F0FD10499204600F0D9
:207D2000BBFA0023129A2B700AF101031360219B002B00F041821D603EE2CDF820A015F8E9
:207D4000012C392A05F1FF3308D19B450AD1089B0133089330238BF800305B461A780132F9
:207D60001A708CE71D46EAE700229B4B00F026FF0022002306460F4601F088F900289AD0CB
:207D8000CBE70A9A002A00F08B80069A012A6EDC139A002A67D003F23343079F059D059AF3
:207DA00001211A4420460592984400F015FB0646002D0CDDB8F1000F09DD4545059A2B46D0
:207DC000A8BF4346D21A0592ED1AA8EB0308079BEBB10A9B002B67D08FB131463A462046A9
:207DE00000F09AFB049A01460646204600F0FDFA04990890204600F04FFA089B0493079BD0
:207E0000DA1B04D00499204600F086FB04900121204600F0E1FA0E9B0746002B00F0D081DC
:207E20001A460146204600F077FB069B012B074640DC009B002B39D1019BC3F31303002B3A
:207E400036D1019B23F000431B0D1B052BB1059B0133059308F10108012307930E9B002B05
:207E60002AD1012030E0149BC3F1360395E7079B09F1FF37BB42BFBF079B0797FA1A0E9B74
:207E8000BBBF9B180E93DF1B0027B9F1000FB5BF059B059DA3EB09054B46B8BF00237EE758
:207EA000079F059D0A9E83E7079AABE70023D4E7009BD2E7002307933B6907EB83031869A9
:207EC00000F03CFAC0F12000404410F01F0047D0C0F12003042B3BDD059BC0F11C00034422
:207EE000059305448044059B002B05DD1A460499204600F05FFB0490B8F1000F05DD3946D6
:207F00004246204600F056FB07460F9B53B33946049800F0A3FB002824DA00230A2204997A
:207F2000204600F0D0F90A9B04900AF1FF3A002B00F04D81002331460A22204600F0C3F9F4
:207F4000029B002B06464FDC069B022B4CDD11E0C9D0059A1C331A4405921D449844C2E798
:207F60000346F6E7B9F1000F38DC069B022B35DDCDF80890029B63B939460522204600F01C
:207F8000A2F901460746049800F068FB00283FF7CCAD0B9B5D466FEA030A4FF00009394676
:207FA000204600F079F9002E3FF4B7AEB9F1000F05D0B14503D04946204600F06DF931461A
:207FC000204600F069F9A8E600273E46E1E7DDF820A03E46A9E500BF000024400A9BCDF8B4
:207FE0000890002B00F0FA80002D05DD31462A46204600F0DFFA0646079B002B4CD0716821
:20800000204600F015F9326902320546920006F10C010C30FEF780FE01222946204600F0B5
:20802000C9FA009BCDF814B003F00103B1460793064639460498FFF7A5FA4946054600F10A
:208040003008049800F00AFB324600903946204600F01EFBC368024603BB014608900498B5
:2080600000F0FCFA089A034611462046089300F013F9089BA3B9069A92B9079A82B9B8F16C
:20808000390F29D0009B002B01DD05F13108059B5D1C83F8008082E73046C2E70123E3E742
:2080A000009A002A04DB25D1069A1ABB079A0ABB002BECDD01220499204600F07BFA39464E
:2080C000049000F0CBFA002803DCE0D118F0010FDDD0B8F1390FD8D1059B059A5D1C39232C
:2080E000137015F8013C392B05F1FF324FD00133137054E7059A002B02F1010506DDB8F1C8
:20810000390FE9D008F10108059BC2E7029A05F8018CA5EB0B03934221D000230A2204999D
:20812000204600F0D0F8B14504904FF000034FF00A024946204605D100F0C5F8814606467F
:20814000059576E700F0BFF83146814600230A22204600F0B8F80646F2E74FF0000901225E
:208160000499204600F026FA3946049000F076FA0028B6DC02D118F0010FB2D115F8013C07
:20818000302B05F1FF327FF40AAF1546F6E7934505D131230AF1010A8BF80030FFE61546FE
:2081A0009FE7DFF864B007E0219BDFF860B01BB10BF10803219A1360584617B0BDE8F08F3A
:2081C000069B012B7FF735AE0E9B079349E6029B002B03DC069B022B3FF7CCAE5D463946C0
:2081E0000498FFF7CFF900F1300805F8018B029AA5EB0B039A42B0DD00230A22049920467E
:2082000000F061F80490EAE7489403004A940300044B1B68186A044B002808BF1846F030E0
:20822000704700BF10610020746100207047704770B5456A04460E463DB91020FEF730FB1C
:208240006062C0E901550560C560656AEB6883B1636ADB6853F82600B8B9012101FA06F573
:208260006A1D9200204600F0BFFA60B1C0E901650EE021220421204600F0B6FA636AE86045
:20828000DB68002BE4D1002070BD026843F826200023C0E90333F7E770B5446A06460D4631
:2082A0003CB91020FEF7FCFA7062C0E901440460C4603DB1736A6A68DB6853F82210296080
:2082C00043F8225070BD2DE9F0410D691F4606460C4601F1140C0023DCF8000081B202FBCB
:2082E00001710F0C000C02FB007089B2013301EB00419D424FEA10474CF8041BECDCD7B1BA
:20830000A368AB4212DC616830460131FFF790FF2269023204F10C01804692000C30FEF737
:20832000FBFC21463046FFF7B7FF444604EB850301355F6125612046BDE8F081020C1204A0
:208340000346B2B90304102013F07F4F04BF1B02083013F0704F04BF1B01043013F0404FE2
:2083600004BF9B000230002B06DB5B0003D5013070470020E8E720207047036813F00702E9
:2083800001460BD0DA0723D4980749BF5B089B0801200B605CBF0B600220704798B2A8B9A0
:2083A0001B0C102013F0FF0F04BF1B0A08301A0704BF1B0904309A0704BF9B080230DA07DF
:2083C00002D45B0806D001300B6070471046E9E7002070472020704710B50C460121FFF718
:2083E00027FF01224461026110BD2DE9F74F14460A6923699A42B8BF0B468846BCBFA046D7
:208400001C46D8F81070D4F81090D8F80830D8F8041007EB0906B342B8BF0131FFF708FFB6
:2084200000F1140505EB860E2B460022734516D304F1140208F1140102EB890301EB87076E
:208440000093009B019293420CD8002E03DD5EF8043D002B5DD0066103B0BDE8F08F43F82C
:20846000042BE3E7B2F800B0BBF1000F23D08946AC464FF0000859F8044BDCF800A0A3B28A
:208480001FFA8AFA0BFB03A34FEA144ADCF8004043444FEA14480BFB0A8404EB1344E246CA
:2084A0009BB243EA04434F454FEA14484AF8043B2BD8CCF80480019BB3F802A00432BAF13C
:2084C000000F20D02B688946A8464FF0000BB9F800C0B8F802400AFB0C445C44C4469BB254
:2084E00043EA04434CF8043B59F8043BB8F804B01B0C0AFB03B303EB14434F454FEA134B3F
:2085000005D8C8F8043004359BE7D446B3E7E046DDE7013E99E700002DE9F843154612F0C4
:20852000030206460F4607D0013A214C002354F82220FFF7C8FE0746AD1035D0746A3CB9C7
:208540001020FEF7ADF97062C0E901440460C460D6F82480D8F808404CB940F2712130463F
:20856000FFF73AFF0023C8F80800044603604FF00008EB070AD5394622463046FFF735FF95
:20858000394681463046FFF787FE4F466D100BD0206838B9224621463046FFF726FF20605E
:2085A000C0F800800446E4E73846BDE8F88300BF489503002DE9F0470C464FEA621A236951
:2085C00049680AEB0309A3680746164609F10105AB4232DB3846FFF72BFE0023804600F1C4
:2085E00014011A4653452BDB20692AEAEA7A04F1140316F01F0201EB8A0103EB800C25D04E
:20860000C2F1200E00201E688A46964030434AF8040B53F8040B9C4520FA0EF014D8486082
:2086200008B109F10205013D3846C8F810502146FFF732FE4046BDE8F08701315B00C7E73A
:2086400041F823200133CDE75146DCE7043953F8042B41F8042F9C45F9D8E4E703690A69DD
:208660009B1A30B50CD19200143014318418114454F8045D51F8042D954203D005D30123AA
:20868000184630BDA042F3D3FAE74FF0FF33F7E72DE9F0470D460746114628461446FFF7B5
:2086A000DDFF061E08D131463846FFF7C1FD0123C0E90436BDE8F087A4BF23462C46384659
:2086C0006168A6BF1D4600260126FFF7B1FD2B69C660266905F1140904F1140202EB860737
:2086E00009EB830800F114054FF0000E52F804AB59F8044B1EFA8AF1A3B2C91A230CC3EB63
:208700001A4303EB214389B24FEA234EC84541EA0343944645F8043BE8D8BC4504D355F80C
:20872000043D83B10661C5E75CF8041B1EFA81F31A1402EB11429BB243EA02434FEA224EDC
:2087400045F8043BE9E7013EE9E72DE9F7430E46012159EC108B1546FFF76AFDC9F30A5446
:208760000746C9F3130334BB0193B8F1000327D002A840F8083DFFF700FE0099F0B1019AC4
:20878000C0F1200302FA03F30B43C2407B610192019BBB61002B14BF022101213961C4B14A
:2087A000A4F2334404443460C0F135002860384603B0BDE8F08343F48013D5E77961E7E7EB
:2087C00001A8FFF7DAFD019B7B61012139612030E5E707EB8103A0F2324030601869FFF752
:2087E000ADFDC0EB4110E1E738B502FB01F42146FEF70CFB054618B122460021FEF7B0FA8D
:20880000284638BD82B001B901A942B14BB113780B601278101C18BF012002B0704710460D
:20882000FBE76FF00100F8E749B1FF2A85BF8A2303600A704FF0FF3098BF0120704708463B
:208840007047000081F0004102E000BF83F0004330B54FEA41044FEA430594EA050F08BF1B
:2088600090EA020F1FBF54EA000C55EA020C7FEA645C7FEA655C00F0E2804FEA5454D4EBB3
:208880005555B8BF6D420CDD2C4480EA020281EA030382EA000083EA010180EA020281EA1C
:2088A0000303362D88BF30BD11F0004F4FEA01314FF4801C4CEA113102D0404261EB410127
:2088C00013F0004F4FEA03334CEA133302D0524263EB430394EA050F00F0A780A4F101041E
:2088E000D5F1200E0DDB02FA0EFC22FA05F2801841F1000103FA0EF2801843FA05F3594154
:208900000EE0A5F120050EF1200E012A03FA0EFC28BF4CF0020C43FA05F3C01851EBE37181
:2089200001F0004507D54FF0000EDCF1000C7EEB00006EEB0101B1F5801F1BD3B1F5001F43
:208940000CD349085FEA30004FEA3C0C04F101044FEA445212F5800F80F09A80BCF1004F08
:2089600008BF5FEA500C50F1000041EB045141EA050130BD5FEA4C0C404141EB010111F456
:20898000801FA4F10104E9D191F0000F04BF01460020B1FA81F308BF2033A3F10B03B3F1AB
:2089A00020020CDA0C3208DD02F1140CC2F10C0201FA0CF021FA02F10CE002F11402D8BF27
:2089C000C2F1200C01FA02F120FA0CFCDCBF41EA0C019040E41AA2BF01EB0451294330BD0C
:2089E0006FEA04041F3C1CDA0C340EDC04F11404C4F1200220FA04F001FA02F340EA03008C
:208A000021FA04F345EA030130BDC4F10C04C4F1200220FA02F001FA04F340EA03002946EE
:208A200030BD21FA04F0294630BD94F0000F83F4801306BF81F480110134013D4EE77FEA65
:208A4000645C18BF7FEA655C29D094EA050F08BF90EA020F05D054EA000C04BF19461046E1
:208A600030BD91EA030F1EBF0021002030BD5FEA545C05D14000494128BF41F0004130BD92
:208A800014F580043CBF01F5801130BD01F0004545F0FE4141F470014FF0000030BD7FEAF5
:208AA000645C1ABF194610467FEA655C1CBF0B46024650EA013406BF52EA033591EA030F95
:208AC00041F4002130BD00BF90F0000F04BF0021704730B54FF4806404F132044FF00005EF
:208AE0004FF0000150E700BF90F0000F04BF0021704730B54FF4806404F1320410F000459A
:208B000048BF40424FF000013EE700BF42004FEAE2014FEA31014FEA02701FBF12F07F4392
:208B200093F07F4F81F06051704732F07F4208BF704793F07F4F04BF41F40021704730B5A4
:208B40004FF4607401F0004521F000411CE700BF50EA010208BF704730B54FF000050AE0E6
:208B600050EA010208BF704730B511F0004502D5404261EB41014FF4806404F132045FEA8D
:208B8000915C3FF4D8AE4FF003025FEADC0C18BF03325FEADC0C18BF033202EBDC02C2F1F3
:208BA000200300FA03FC20FA02F001FA03FE40EA0E0021FA02F11444BDE600BF70B54FF02D
:208BC000FF0C4CF4E06C1CEA11541DBF1CEA135594EA0C0F95EA0C0F00F0DEF82C4481EA75
:208BE000030621EA4C5123EA4C5350EA013518BF52EA033541F4801143F4801338D0A0FB2A
:208C000002CE4FF00005E1FB02E506F00042E0FB03E54FF00006E1FB03569CF0000F18BF96
:208C20004EF0010EA4F1FF04B6F5007F64F5407404D25FEA4E0E6D4146EB060642EAC6219F
:208C400041EA55514FEAC52040EA5E504FEACE2EB4F1FD0C88BFBCF5E06F1ED8BEF1004F2F
:208C600008BF5FEA500E50F1000041EB045170BD06F0004646EA010140EA020081EA03018E
:208C8000B4EB5C04C2BFD4EB0C0541EA045170BD41F480114FF0000E013C00F3AB8014F164
:208CA000360FDEBF002001F0004170BDC4F10004203C35DA0C341BDC04F11404C4F1200511
:208CC00000FA05F320FA04F001FA05F240EA020001F0004221F0004110EBD37021FA04F69E
:208CE00042EB06015EEA430E08BF20EAD37070BDC4F10C04C4F1200500FA04F320FA05F0C7
:208D000001FA04F240EA020001F0004110EBD37041F100015EEA430E08BF20EAD37070BDB9
:208D2000C4F1200500FA05F24EEA020E20FA04F301FA05F243EA020321FA04F001F00041AA
:208D400021FA04F220EA020000EBD3705EEA430E08BF20EAD37070BD94F0000F0FD101F08A
:208D60000046400041EB010111F4801F08BF013CF7D041EA060195F0000F18BF704703F089
:208D80000046520043EB030313F4801F08BF013DF7D043EA0603704794EA0C0F0CEA1355B1
:208DA00018BF95EA0C0F0CD050EA410618BF52EA4306D1D181EA030101F000414FF0000007
:208DC00070BD50EA410606BF1046194652EA430619D094EA0C0F02D150EA013613D195EABD
:208DE0000C0F05D152EA03361CBF104619460AD181EA030101F0004141F0FE4141F47001EB
:208E00004FF0000070BD41F0FE4141F4780170BD70B54FF0FF0C4CF4E06C1CEA11541DBF59
:208E20001CEA135594EA0C0F95EA0C0F00F0A7F8A4EB050481EA030E52EA03354FEA01310F
:208E400000F088804FEA03334FF0805545EA131343EA12634FEA022245EA111545EA10654A
:208E60004FEA00260EF000419D4208BF964244F1FD0404F5407402D25B084FEA3202B61A7F
:208E800065EB03055B084FEA32024FF480104FF4002CB6EB020E75EB030E22BFB61A7546DA
:208EA00040EA0C005B084FEA3202B6EB020E75EB030E22BFB61A754640EA5C005B084FEAFC
:208EC0003202B6EB020E75EB030E22BFB61A754640EA9C005B084FEA3202B6EB020E75EB29
:208EE000030E22BFB61A754640EADC0055EA060E18D04FEA051545EA16754FEA06164FEA19
:208F0000C30343EA52734FEAC2025FEA1C1CC0D111F4801F0BD141EA00014FF000004FF060
:208F2000004CB6E711F4801F04BF01430020B4F1FD0C88BFBCF5E06F3FF6AFAEB5EB030C47
:208F400004BFB6EB020C5FEA500C50F1000041EB045170BD0EF0004E4EEA113114EB5C04E6
:208F6000C2BFD4EB0C0541EA045170BD41F480114FF0000E013C90E645EA060E8DE60CEA81
:208F8000135594EA0C0F08BF95EA0C0F3FF43BAF94EA0C0F0AD150EA01347FF434AF95EA9A
:208FA0000C0F7FF425AF104619462CE795EA0C0F06D152EA03353FF4FDAE1046194622E706
:208FC00050EA410618BF52EA43067FF4C5AE50EA41047FF40DAF52EA43057FF4EBAE12E797
:208FE0004FF0FF3C06E000BF4FF0010C02E000BF4FF0010C4DF804CD4FEA410C7FEA6C5C4C
:209000004FEA430C18BF7FEA6C5C1BD001B050EA410C0CBF52EA430C91EA030F02BF90EA7F
:20902000020F0020704710F1000F91EA030F58BF994208BF90422CBFD8176FEAE37040F06A
:20904000010070474FEA410C7FEA6C5C02D150EA013C07D14FEA430C7FEA6C5CD6D152EAE3
:20906000033CD3D05DF8040B704700BF8446104662468C461946634600E000BF01B5FFF747
:20908000B7FF002848BF10F1000F01BD4DF808EDFFF7F4FF0CBF012000205DF808FB00BFD7
:2090A0004DF808EDFFF7EAFF34BF012000205DF808FB00BF4DF808EDFFF7E0FF94BF0120C9
:2090C00000205DF808FB00BF4DF808EDFFF7CEFF94BF012000205DF808FB00BF4DF808ED77
:2090E000FFF7C4FF34BF012000205DF808FB00BF4FEA410C7FEA6C5C02D150EA013C0AD190
:209100004FEA430C7FEA6C5C02D152EA033C02D14FF0000070474FF0010070474FEA41020C
:2091200012F5001215D211D56FF47873B3EB625212D94FEAC12343F0004343EA505311F05A
:20914000004F23FA02F018BF404270474FF00000704750EA013005D111F0004008BF6FF003
:20916000004070474FF00000704700BF044A05491368002B08BF0B46184410601846704708
:209180004C790020DC7B0020FEE700BFF8B500BFF8BC08BC9E467047F8B500BFF8BC08BC6C
:2091A0009E46704754696E795553422053657269616C00000000000000000000C9F4020047
:2091C00081F4020071F40200E9F3020035F4020009F4020065F40200EDF20200F0FFFFFF80
:2091E00000000000E1F30200120100020000004086284580000101020301000009020900B5
:20920000000100A032000000303132333435363738394142434445465365656564000000F3
:209220005849414F206E524635323834302053656E73650041646166727569740000000086
:209240004D6173732053746F7261676500000000312E30007573626400000000050F3900FB
:20926000021810050038B60834A909A0478BFDA0768815B665000101011C100500DF60DD56
:20928000D88945C74C9CD2659D9E648A9F00000306B2000200000000EDFE020061FF02006E
:2092A0008DFF0200810003004101030000000000910A0300A10A0300B10A0300450B0300FA
:2092C0007D0C030000000000C9020300D9020300E9020300A50303009D0503000000000018
:2092E000210603007D060300A5060300BD070300C107030000000000ED120300491303001D
:209300006913030039FC02005114030000000000426F6F74666C61673A20415050000000C6
:20932000426F6F74666C61673A2055504441544552000000426F6F74666C61673A20554E65
:209340004B4E4F574E202830780000002900000053657474696E67206E657720626F6F744B
:20936000666C616720746F3A203078005265626F6F74696E6720696E2033207365636F6E23
:2093800064732E2E2E0000000D0A0000546D725100000000546D7220537663006C6F6F7098
:2093A0000000000043616C6C6261636B0000000002000000030000001C0000001D00000062
:2093C00004000000050000002B0000002C0000002D0000002E0000002F0000001A00000089
:2093E000060000001E0000000E000000280000001B000000070000000B0000002A000000BC
:2094000020000000100000000D0000001100000015000000190000001400000018000000A4
:209420001600000017000000090000000A0000001F00000014610020494E4600696E66001E
:209440004E414E006E616E003000496E66696E697479004E614E00000080E03779C3414324
:20946000176E05B5B5B89346F5F93FE9034F384D321D30F94877825A3CBF737FDD4F1575C4
:20948000000000000000F03F000000000000244000000000000059400000000000408F4091
:2094A000000000000088C34000000000006AF8400000000080842E4100000000D012634186
:2094C0000000000084D797410000000065CDCD41000000205FA00242000000E87648374297
:2094E000000000A2941A6D42000040E59C30A2420000901EC4BCD64200003426F56B0C4349
:209500000080E03779C3414300A0D8855734764300C84E676DC1AB43003D9160E458E1438C
:20952000408CB5781DAF154450EFE2D6E41A4B4492D54D06CFF08044F64AE1C7022DB5443C
:20954000B49DD9794378EA4405000000190000007D0000004300504F534958002E000020C0
:2095600020202020202020202828282828202020202020202020202020202020202020885B
:20958000101010101010101010101010101010040404040404040404041010101010101043
:2095A0004141414141410101010101010101010101010101010101010101101010101010B1
:2095C000424242424242020202020202020202020202020202020202020210101010200077
:2095E00000000000000000000000000000000000000000000000000000000000000000006B
:2096000000000000000000000000000000000000000000000000000000000000000000004A
:2096200000000000000000000000000000000000000000000000000000000000000000002A
:2096400000000000000000000000000000000000000000000000000000000000000000000A
:2096600000000000EC5BFF7F010000000A00000000000306B200080001000000A8000800A6
:2096800002000000A0001400030057494E55534200000000000000000000840004000700AA
:2096A0002A0044006500760069006300650049006E0074006500720066006100630065009F
:2096C00047005500490044007300000050007B003900370035004600340034004400390053
:2096E0002D0030004400300038002D0034003300460044002D0038004200330045002D00F7
:209700003100320037004300410038004100460046004600390044007D00000000000000E6
:2097200010000C00646D00200000000000000000000000000000000000000000000000001C
:20974000000000000000000000000000000000000000000000000000000000000000000009
:209760000000000000000000000000000000000000000000000000000090D00314610020F1
:209780000000000000000000000000000000000000000000000000000000000000000000C9
:2097A0000000000000000000000000000000000000000000000000000000000000000000A9
:2097C000000000000000000000000000000000000000000000000000000000000000000089
:2097E000430000000000000000000000000000000000000000000000000000000000000026
:20980000430000000000000000000000000000000000000000000000000000000000000005
:209820004300000000000000000000000000000000000000000000000000000000000000E5
:209840004300000000000000000000000000000000000000000000000000000000000000C5
:209860004300000000000000000000000000000000000000000000000000000000000000A5
:20988000430000000000000000000000000000000000000000000000000000000000000085
:2098A000430000000000000000000000000000000000000000000000000000000000000065
:2098C0002988030005880300000000005E9503005C9503005D9503005D9503005D9503007B
:2098E0005D9503005D9503005D9503005D9503005D9503005D950300FFFFFFFFFFFFFFFFB2
:20990000FFFFFFFFFFFF0000010041534349490000000000000000000000000000000000E3
:209920000000000000000000000041534349490000000000000000000000000000000000BE
:1C99400000000000000000000000000001F2020035F20200BDF5020011F2020034
:020000040008F2
:20F0000000000420AD600900ED600900EF600900F1600900F3600900F560090000000000F4
:20F0200000000000000000000000000029600900F96009000000000049600900FD600900C4
:20F0400039620900FF600900FF600900FF600900FF600900FF600900FF600900FF60090034
:20F06000FF600900FF600900FF600900FF600900FF600900FF600900FF600900FF60090050
:20F08000FF600900AD5D0900FF600900FF600900FF600900FF600900FF600900FF60090085
:20F0A000FF600900FF600900FF600900FF600900FF600900FF6009000000000000000000E0
:20F0C000FF600900FF600900FF600900FF600900FF600900FF600900FF600900EDFB080068
:20F0E000FF600900FF600900FF6009000000000000000000FF60090000000000FF60090008
:20F100000000000000000000000000000000000000000000000000000000000000000000EF
:20F120000000000000000000000000000000000000000000000000000000000000000000CF
:20F140000000000000000000000000000000000000000000000000000000000000000000AF
:20F1600000000000000000000000000000000000000000000000000000000000000000008F
:20F1800000000000000000000000000000000000000000000000000000000000000000006F
:20F1A00000000000000000000000000000000000000000000000000000000000000000004F
:20F1C00000000000000000000000000000000000000000000000000000000000000000002F
:20F1E00000000000000000000000000000000000000000000000000000000000000000000F
:20F20000F1EE103A43F08073E1EE103A704700BF10B5054C237833B9044B13B10448AFF372
:20F2200000800123237010BDF0620020000000006096090008B5034B1BB103490348AFF349
:20F24000008008BD00000000F462002060960900154B002B08BF134B9D46A3F5803A0021EE
:20F260008B460F461348144A121A07F079FD0F4B002B00D098470E4B002B00D0984700208F
:20F28000002104000D000D48002802D00C48AFF3008007F00DFD2000290006F059FF07F0E8
:20F2A000F3FC00BF00000800000004200000000000000000F0620020DC7B0020000000008B
:20F2C000000000000146014800F0EEB92C63002038B500F02FF940B1002405462046013458
:20F2E00000F0B2FDE0B28542F9D838BD70B592B01D460C46164601A84222002107F030FD86
:20F30000412D02D8002012B070BD621CD2B202238DF806408DF80E408DF826408DF81E2023
:20F320008DF827208DF8312040F20945052240F201248DF807308DF808308DF809308DF871
:20F3400012308DF821308DF822308DF833308DF83B30ADF80C502423ADF810408DF81520EF
:20F360008DF823201B4D8DF81630042201248DF820308DF8243006958DF81C408DF81F2059
:20F380008DF830203046144D0A9540F6083608234FF411640A22ADF804608DF82C30ADF810
:20F3A0002E4040238DF8342001A9062640F207550A4C8DF825604222ADF838508DF83C305D
:20F3C0008DF84330CDF83F4007F0A6FC422012B070BD00BF200105240705800307058002E1
:20F3E000A0F11000FFF782BF007EFF2806D010B500F08CFC044618B1204610BD0020704760
:20F4000007F06EF8204610BD007EFF280ED000B583B00DF1070100F0BDFC20B19DF80700D5
:20F4200003B05DF804FB4FF0FF30F9E74FF0FF30704700BF007EFF2811D000B583B0012202
:20F440000DF1070100F06EFC20B94FF0FF3003B05DF804FB9DF8070003B05DF804FB4FF01C
:20F46000FF307047007EFF2801D000F0EDBC7047007EFF2801D000F02DBD0020704700BFFA
:20F48000F8B50646007EFF281CD017465AB10D46144600F015FC2946224680B1307E00F026
:20F4A00083FC241A01D13846F8BD054407F018F8307E00F005FC294622460028EED13F1B83
:20F4C0003846F1E70020F8BD70B50368184A5B6882B093428DF8071024D10546007EFF28C4
:20F4E0001DD000F0EDFB0DF1070601243146224688B1287E00F058FC241A02D1012002B031
:20F5000070BD064406F0ECFF287E00F0D9FB314622460028EDD1C4F1010002B070BD0020AF
:20F5200002B070BD01220DF10701984702B070BD81F40800014B1878704700BF286300208B
:20F54000037EFF2B00D07047064B1A78002AFAD1054902764161012200F1100103481A703F
:20F5600000F042B828630020A49109002C630020007EFF2807D000B583B000F0A1FB20B148
:20F5800003B05DF804FB00207047019006F0A8FF019803B05DF804FB01B900B1704700B5E8
:20F5A00083B0694600F0A2FB009BB3F5966F02D003B05DF804FB00F02FFBF9E730B4084B8A
:20F5C000084AFF2002F108054FF47A740021303218761D609C601A615960596130BC70476E
:20F5E0000C630020B4910900F8B5B0F818214469B0F81A31054608680E469B1A1444076875
:20F6000095F81C119BB222463046B84750B32218944229D2766806E0052B32D023780BB3A9
:20F620001C44A24220D96378042BF5D1E378002BF4D195F81C11013185F81C11002EEDD0F1
:20F6400095F840110729E9D801F1480745F82760217295F84011013185F840111E46237866
:20F66000002BDDD10020F8BDB5F818216B69104480B2A5F81801588095F81C211A71012098
:20F68000F8BD94F90230002B08DB95F81E31591C85F81E11A1780B43A370BFE795F81D31F0
:20F6A000591C85F81D11F5E72DE9F0472A4DDFF8B490DFF8B4A0AC4604468846BCE80F0087
:20F6C00088B003AF0FC703AE0FCE05F1140E25460FC59EE80700DCF800303B806B463668EA
:20F6E0002E8003C36B4603CB04F1180700234FF4807E012640F2094CA06184F8202067616C
:20F7000040F2EF22154FE1610420C4F818914FF4E131A4F81CE1C4F82C31C4F83031C4F897
:20F720003431C4F83831C4F83C31C4F820C184F84001A28084F81E61A671C4F824A1C4F84B
:20F7400028710748FFF7FCFE404600F053FA304608B0BDE8F08700BFE891090020920900C8
:20F760000C63002009000001189209002DE9F04F05468BB0002900F0E480032930D090F831
:20F7800040318B4240F2EE8001F14803774F50F823400021084605F5A276235C04EB000CE2
:20F7A000B3B103F14002D2B2012A0BD9F42B09D81A064CD44FF00108A3F55842B2F5006F4C
:20F7C00080F09A80013004EB000C235C002BE8D1CBB201335B0043F4407305F5A17C30E0F3
:20F7E00002A800F01BFA05F5A17C019010B3431EDBB205F5A37B5E4F0DF1080A0BEB830BA8
:20F80000E64606AE97E80F001AF8018B86E80F0008F00F090AACA14404EB181819F8109CD8
:20F8200018F8103CAEF80490AEF802300EF1040EDE45E7D1019B5B00DBB201335B0043F424
:20F840004073A5F8423160460BB0BDE8F08F03F0E002C02A5ED003F0F002E02A7AD003F047
:20F86000F802F02AAED103F007024FF004089CF8013003F0C00EBEF1800FA3D19CF802E000
:20F880000EF0C00903F03F03B9F1800F43EA821398D10EF03F0EB8F1030F4EEA831332D032
:20F8A0009CF8032002F0C00CBCF1800F8AD102F03F0242EA8313A3F58032BA4282D8A3F50F
:20F8C000584CBCF5006FFFF47DAFB3F5803F00F1040012D31E293FF77BAF4B004FEA922C1B
:20F8E0003344C2F30902ACF5205CA2F5105226F811C05A80023150E7404420292FD026F89E
:20F900001130013149E7A3F50062B2F5784FFFF453AF57E79CF8012002F0C00CBCF1800FFA
:20F9200003F01F037FF44EAF02F03F0242EA8313A3F18002B2F5F06FBFF444AF4FF0020842
:20F940003AE7D0F82031A0F8443100F5A17C4FF4417376E703F00F024FF0030887E740F20C
:20F9600042333AE74FF0000C6DE700BFFFFF0F0008920900004870472C630020014B586928
:20F98000704700BF2C6300200A4601460148FFF7EDBE00BF2C630020024B186800B100696C
:20F9A000704700BFB064002030B40848BDF80850046844B1646934B10846A44611461A465A
:20F9C0002B4630BC6047002030BC7047B064002030B40848BDF80850046844B1A46934B198
:20F9E0000846A44611461A462B4630BC604730BC704700BFB0640020024B186808B190F870
:20FA000050007047B46400202DE9F047244C2468002C3FD04FEAC0091E4609EB000304EBD7
:20FA200083031746D3F818A088460546BAF1000F32D0504607F09EFD4D4404EB8504D4E99D
:20FA40000754DFF864C0174B08280246514628BF08224046002D08BF6546002C08BF1C4654
:20FA600007F05AF9284607F085FD10280246294628BF1022384607F04FF9204607F07AFDBC
:20FA8000042802462146304628BF0422BDE8F04707F042B9BDE8F087DFF810A00820CBE7BD
:20FAA000B4640020509209004092090034920900F8B50B4F3B6883B1C5002E1803EB860616
:20FAC000044672691AB190473B6886F82A002C4403EB840393F82A00F8BD1846F8BD00BFF3
:20FAE000B4640020054B1B683BB100EBC00003EB8003586A1B8D086013807047B46400209F
:20FB00000A781E2A01D10020704710B520221C460521002300F0AEFF204610BD70B40A4C76
:20FB2000039A24685CB100EBC00504EB8504A4682CB10E4630461946234670BC18474FF022
:20FB4000FF3070BC704700BFB464002070B40A4C039A24685CB100EBC00504EB8504E46878
:20FB60002CB10E4630461946234670BC18474FF0FF3070BC704700BFB4640020054B1B6870
:20FB800033B100EBC00003EB80031B6903B11847704700BFB464002000B5114B402283B07A
:20FBA00083F8272304F062F84FF0804302A80024D3F8385400F8084D06F0F8FA02A8094BD8
:20FBC00040F8043D06F01EFB06F02EFBEB0702D401F0F2FEFCE7204603F08CFEF8E700BF71
:20FBE00000E100E0E9FB080003F084BE002003F0D9BA00BF00B5002383B00322CDE90023B5
:20FC000003490448C82205F089F903B05DF804FB5492090099FB080006F04CBD4FF0805249
:20FC2000536E1BBA0360136E1BBA436008207047004870475C92090070B51F4C2368E3B14E
:20FC4000C9B91578C5F34115012D11D0022D16D15478012C25D0022C0DD19388072B0ED13C
:20FC6000164C114623892246BDE8704002F06ABE5178222905D0012070BD184670BD084638
:20FC800070BD11465288003218BF01221A7602F041FE2268136A002BEDD0107E984728464F
:20FCA00070BDDC6934B1114623782246BDE8704002F048BE204670BDB864002000600020F7
:20FCC00010B5044601F0DAFD08B9002010BD01F0DDFD0028F9D1044B4FF45A7202FB04344F
:20FCE000207900F0010010BDBC640020064A4FF45A7303FB002050F8063F0B6083888279F1
:20FD00008A718B80704700BFBC64002008B5044A4FF45A7303FB0020103001F027FC08BDD5
:20FD2000BC6400202DE9F0414FF45A7505FB00F5174E05F11004344492B2204601F040FC77
:20FD40000746204601F02AFC3F2802D83846BDE8F08106EB0508002098F8031002F016FD3E
:20FD60000028F3D0204601F019FC3F2805D898F80310002002F03CFDE8E705F53A7232440F
:20FD800098F803104023002002F05EFDDEE700BFBC640020034A4FF45A7303FB0020103071
:20FDA00001F07CBCBC6400202DE9F8434FF45A7505FB00F5224E05F12C04344492B22046CA
:20FDC00001F0AAFC0746204601F0D0FB3F2802D83846BDE8F88301F051FD0028F8D001F01E
:20FDE00055FD80460028F3D1204601F0BFFB0028EED006EB0509404699F8021002F0C6FC2C
:20FE00000028E5D005F54A75354420462946402201F0D6FB034668B12A4699F802104046DF
:20FE200002F012FD0028D3D1064B1B68DB07CFD500BECDE799F8021002F0DAFCC8E700BF50
:20FE4000BC640020F0ED00E02DE9F041054601F015FD10B90020BDE8F08101F017FD0646C0
:20FE60000028F7D14FF45A7404FB05F4174F04F12C053D44284601F079FB0028EAD007EBD5
:20FE80000408304698F8021002F080FC0028E1D004F54A74274428463946402201F090FB0A
:20FEA000044668B13A4698F802103046234602F0CBFC48B9064B1B68DB07CBD500BECAE75F
:20FEC00098F8021002F094FC2046C4E7BC640020F0ED00E008B5044A4FF45A7303FB0020B7
:20FEE0002C3001F05BFB08BDBC640020F0B51B4C83B000214FF45A72204601250E4606F015
:20FF00002FFFFF234FF4424204F148016371E2802B460827009604F110004FF4807227734C
:20FF2000258101F0E7FA2B464FF4807204F5A471009504F12C0001F0DDFA04F5127128462D
:20FF400004F08AFA04F52671A0622846666204F083FAC4E9100603B0F0BD00BFBC640020CE
:20FF600010B5094B002203F12C0403F110001A601A7101F03BFC204601F038FC20460121DE
:20FF8000BDE8104001F05ABCBC6400202DE9F0414B79022B82B004D00025284602B0BDE8FD
:20FFA000F0818B79022BF7D1304EB3782BB1304B1B68DB07F0D500BEEEE78B7833700C78F0
:20FFC0000C4407466378242B4FF009050BD1082A02D822E0AA4220D323781C441D4463780D
:20FFE000242BADB2F6D0052B2CD0042B15D163790A2B12D11F4A94F80080019202230132F8
:020000040009F1
:200000000092384604EB08011A4602F023FB0028CDD00E3518FA85F5ADB2174801F0BEFA6D
:200020003F28BAD9F178002002F0B0FB0028B4D0114801F0B3FA3F28F17811D8002002F032
:20004000D7FBAAE72146384602F080FB0028AED0A378737023781C441D44ADB26378C4E706
:20006000064A4023002002F0EFFB96E7BC640020F0ED00E0BE640020CC640020A46700209A
:2000800038B5137803F06003202B01D0002038BD254C938825789D42F8D15378203B032B3C
:2000A000F4D8DFE803F0271E070281B3022933D0012038BD59B30229FAD155881B4825711C
:2000C000E94301F0010101F0B9FB194B002BEFD0C5F3400205F001010020FFF75DFA01208F
:2000E00038BD0029E4D111460723124A02F02AFC012038BD0029F6D00229D9D10E4B002BDA
:20010000D6D00C490020AFF30080012038BD114602F000FC012038BD084B002BC8D0518842
:200120000020AFF30080C3E7BC640020E864002099F50800C264002000000000000000004B
:200140002DE9F047574CE2788A420D4607461E4656D19AB204F53A7104F1100001F0DCFAA2
:20016000514BD3B16379FF2B17D0B6B104F2E72808EB060AA8F2D72902E0C2450DD06379C7
:2001800018F8012F9A42F8D1484601F0FFF90028F3D16179AFF30080EFE7444B23B1444856
:2001A00001F0F4F900285DD0414801F0F7F93F285BD8A378AB4203D001252846BDE8F0877D
:2001C0003C4B13B10020AFF3008001F057FB20BB394801F0CBF90028EED1002EECD016F067
:2001E0003F06E9D1A178384602F0D0FA05460028E2D0A17838463346324602F025FBDCE72B
:20020000A3788B42DCD02D4B1D6815F00105D4D000BE00252846BDE8F08701F037FB0546C3
:200220000028D5D1244801F0A1F90028D0D0A178284602F0ABFA0028CAD021494022A1F5EF
:200240003F7001F0BDF9034638B328461C4AA17802F0FAFA0028AFD1184B1B68DB07B7D545
:2002600000BEB5E7AFF300809EE7E178002002F08DFA00289DD00E4801F090F93F2804D8E3
:20028000E178002002F0B4FA93E740230D4AE178002002F0D9FAA3788CE7A17802F0A8FA98
:2002A00096E700BFBC6400200000000000000000CC64002000000000E8640020F0ED00E049
:2002C000E4670020A46700208C220021014806F047BD00BF246800208C220021014806F0FD
:2002E0003FBD00BF246800202DE9F0414B79032B82B004D00024204602B0BDE8F0810D7980
:20030000C5EBC5041234A4B2944205D9224B1B68DA07EFD500BEEDE7204F7A78002AF5D19C
:2003200091F800E001EB0E0C9CF80180B8F1210FECD1C7F888C0884611F80E1007F1010EA0
:20034000614407F1020C2A46CDE900CE064602F081F90028DAD098F80630B978012B04BF8E
:2003600098F80730FB700122D7F888303A7198F80220B3F807303A70FB800029BBD0304613
:200380004023074A02F060FA0028B4D1024B1B68DB07B0D500BEAEE7F0ED00E024680020BD
:2003A0006C6800202DE9F041137803F01F04012C82B003D0002002B0BDE8F081DFF8D88117
:2003C000968898F80070F6B2B742F3D113F0600305460F46164617D100293BD15378062B1F
:2003E000E8D153881B0A212B00F09080222BE1D10846FFF7D1FAB8F80630024631462846D7
:2004000002F0A0FA2046D6E7202BD3D15378013B0A2BCFD801A252F823F000BFC5040900CA
:20042000B304090049040900B5030900B5030900B5030900B5030900B50309009D04090037
:20044000770409005904090021B931460123494A02F078FA0120AEE7D1B10229FAD171881F
:20046000454BC9B288F80410002BF3D00020AFF3008001209FE70029ECD171883F4B090A8A
:2004800088F8051023B13846AFF30080002891D03146284602F03EFA01208CE7002941D1EC
:2004A000F388402B86D83146354A02F04BFA012081E70029CED131460123324A02F042FA35
:2004C000012078E70029C5D1F4887388402C204628BF402013F0FF014FEA13223CD0012CA3
:2004E0003AD90138284B88F8081080B2012700900020FFF759FA3B189BB27BBB234A126895
:20050000D2077FF557AF00BE184654E7D8F88820002A3FF44FAF1378314602B0BDE8F041D4
:2005200002F010BA022995D1F4887388402C204628BF402013F0FF014FEA132205D0012C6B
:2005400003D998F848308B420FD00D4B00900020FFF73EFA01202EE70D4BC8E731462846B3
:200560000B4A02F0EFF9012025E7013880B2094BECE700BF2868002000000000000000001E
:200580006C680020296800202D680020F0ED00E02C6800206D68002024680020F0B51C4CE2
:2005A000A57866788D4283B00BD1B54216D1194A22B1DAB218490020AFF30080012003B04B
:2005C000F0BDB142F3D0154B1B68DB0703D500BE002003B0F0BD002003B0F0BD00229BB2EE
:2005E000114607460093104604F14803FFF7F0F93846402304F14802A17802F025F90028DE
:20060000DCD1064B1B68DA07E5D500BED7E700BF24680020000000002C680020F0ED00E066
:2006200030B5154C83B000210D464FF41A72204606F096FB04F1480104F110000095012315
:20064000802200F057FF0123802204F1C801009504F12C0000F04EFF04F5A471012003F019
:20066000FBFE04F5CC71A0620120656203F0F4FEC4E9100503B030BD5079002010B5084C18
:20068000002304F11000C4E90033C4E9023301F0ADF804F12C00BDE8104001F0A7B800BFB5
:2006A000507900202DE9F0474B79012B03D000242046BDE8F0878B79012BF8D1CB79002B33
:2006C000F5D10B78CD1899B26C78242C0BD1914202D9ECE78A42EAD32B781D440B446C7850
:2006E000242C99B2F6D0042CE1D16B79012BDED1AB79032BDBD1EB79002BD8D1DFF8B880B3
:2007000098F8013013B998F802702FB1274B1B68DB07CCD500BECAE7AB7888F800302E780A
:2007200092462A798B1981469CB22E4432B91FE0337897421C44A4B21E4419D2A24517D3D1
:200740007378052BF4D13146484601F0FFFF0028DCD0B378DA0914BF88F8013088F80230AD
:2007600033782A7901371C44FFB2A4B21E44DFE70F4800F013FF3F289AD998F8021000206F
:2007800002F004F8002893D0094800F007FF3F2898F8021003D8002002F02AF888E7054AC3
:2007A0004023002002F050F882E700BFF0ED00E060790020387B002050790020002070470B
:2007C000F8B53D4CA2788A421F4613D19AB204F5F47104F1100000F09FFF384B13B1002010
:2007E000AFF30080364800F0D9FE3F282CD801252846F8BD63788B4208D0324B1D6815F057
:200800000105F5D000BE00252846F8BD064604F12C0000F0ABFE40BB2B4800F0A7FE0028D6
:20082000E5D1002FE3D017F03F07E0D16178304601F0ACFF05460028D9D0617830463B464B
:200840003A4602F001F8D3E7A178002001F09EFF05460028CBD01A4800F0A0FE3F28A1782E
:2008600020D8002001F0C4FFC2E76178002001F08DFF0028D0D0402204F50A7104F12C00CE
:2008800000F09EFE034698B104F50A726178002001F0DAFF0028AAD10A4B1B68DB07BBD515
:2008A00000BEB9E7094A4023002001F0CDFF9FE7617801F09DFFAFE75079002000000000DC
:2008C00060790020F0ED00E07C790020387B002030B4114B9C689A6B93F83C5083F82C1063
:2008E000A21A022183F830109A6225B942F2050183F83E50998744B13AB11A7BD20906D1FA
:2009000093F82F1030BC01F0DBBF30BC704793F82E1030BC01F0D4BFB06A002038B5214B27
:20092000214C05461BB1607BAFF30080A8B1A06BA36894F82F101D4A1B1AB3F5007F28BF52
:200940004FF4007328469BB201F07EFF20B9184B1B68DB0700D500BE38BDA268A36B84F8FB
:200960003E0042F20771D31A0120A1870221A36284F82C0084F83010002AEDD0002BEBD0FE
:20098000237BDB0906D194F82F102846BDE8384001F096BF94F82E102846BDE8384001F01C
:2009A0008FBF00BF00000000B06A0020B0680020F0ED00E070B52C4CE28AA36852BA92B297
:2009C00082B0054612B1B3FBF2F292B2A66BD4F81110607B9B1BB3F5007F28BF4FF40073AE
:2009E00009BA0093B6FBF2F302FB136219441F4BFFF794F8031E16DB94F82E100CD09BB24B
:200A000028461A4A01F020FF58B9194B1B68DB0707D500BE02B070BD009328461A4601F04F
:200A2000E5FD02B070BDA268A36B43F203300021D31AA08784F83E1001200221A36284F8B1
:200A40002C0084F83010002AEBD0002BE9D0237BDB0914BF94F82E1094F82F10284602B0DB
:200A6000BDE8704001F02CBFB06A0020B0680020F0ED00E010B4054C012084F83C1084F89C
:200A80003D2084F83E305DF8044B7047B06A002040220021014806F063B900BFB06A0020A3
:200AA00040220021014806F05BB900BFB06A00204B79082B01D0002070478B79062BFAD1C8
:200AC000CB79502BF7D1162A06D81C4B1B68D907F1D500BE0020704770B5194D8B7885F841
:200AE0002D300B7882B005F12F0205F12E0619440223CDE900261A46044601F0ABFD48B9F1
:200B00000E4B1B68DA0702D500BE02B070BD002002B070BD20461F2300242A4695F82F109D
:200B200085F8304001F090FE30B9044B1B68DB0702D500BE1720E8E71720E6E7F0ED00E050
:200B4000B06A002079B970B50B46117801F07F04022C84B0054608D001F06001202938D08E
:200B6000002004B070BD012070475478012CF3D151880029F4D13E4E918896F83030042B56
:200B8000C9B270D096F82E208A425AD096F82F408C4253D1002B51D1214601F083FE00288B
:200BA0004CD12146284601F0A7FE002846D1002386F83030284696F82F102D4A1F2301F088
:200BC00043FE00283AD12B4B1B68DB07C8D500BEC7E75178FE2916D0FF29C1D15388002B27
:200BE000BED1D488A3B2002BBAD1214E1146284686F83030C6E90D33B48786F83E3001F0E6
:200C000089FE0120ADE751880029A9D1D1880129A6D119488DF80F1038B10192FEF7ECFEC2
:200C2000019A00289CD0431EDBB204AC114604F8013D28462246012301F084FE012004B014
:200C400070BD022BFAD1B46BB3681B1B11460324B36206F120020D2386F8304001F0F4FD53
:200C60000028B0D0EAE701F02BFE204679E700BFB06A0020F0ED00E0F9F90800F0B5A24CD8
:200C800094F83050012D8FB01E46074644D02AD3032D04D0022D5FD001200FB0F0BD94F89E
:200CA0002E308B42F8D10D2EF6D1E37B282B00F022812A2B40F01581944B13B1607BFEF76C
:200CC0005DFF002084F830001F238F4A94F82F10384601F0B9FD002872D18D4B1B68DA073A
:200CE00071D500BED9E794F82F208A42D4D11F2B03D1884B2168994267D0042394F82E1067
:200D000084F83030384601F0DBFD384694F82F1001F0D6FD0020C0E7E27BA36B282A12D03D
:200D20002A2A00F08A80217B626B1E44CB09A66377D0B2420DD9764B1B68DB0740D500BEA3
:200D400094F83050A6E7626B1E449642A663C0F0B880022384F8303094F82E10384601F0C8
:200D6000CBFD002898D1A368A26B94F82E10934202D9207BC00950D19A1A0325A2623846A5
:200D80000D23654A84F8305001F05EFD0028A4D082E704AA05A9FEF7A5FE059B23B1BDF80A
:200DA0001020002A40F0928294F83C3023B940F2024284F83E30A28701213846FFF788FD1D
:200DC00094F8305066E7002067E7544BE57B6168236200236162A362012184F82C30A36314
:200DE000282DA36884F83010636300F0C0802A2D53D0002B00F01481217BC90940F0108188
:200E0000B3F5007F00F22B8211469BB2444A01F01BFD00283FF461AFD2E7384601F050FDF1
:200E20003AE793B2607B3E4A04F10F01FEF768FE00287BDBA66B626B7BE7E28A52BA92B20F
:200E40001AB1A168B1FBF2F292B2D4F81110344DB3FBF2FC09BA02FB1C32607B00966144BC
:200E60002B46FEF773FE0028C0F2B68086422DD9361A38B1A36B2918034432462846A36302
:200E800005F055FF002394F82F1000933246384601F0ACFB94F83050FCE6E18A49BA89B263
:200EA000002B68D0207BC00940F08B80002900F0EC81B3FBF1F1002900F00482282D3846A8
:200EC0000CD1FFF777FD94F83050E3E6D4E90D231E449642A663BFF43CAF3846FFF71EFD99
:200EE0006EE7104B002B3FF4ECAE04F10F01607BAFF30080E5E60C4B002B3FF4E2AE607B5D
:200F0000AFF30080DDE600BFB06A00207DFB0800F0ED00E055534243D06A002055534253F2
:200F2000B06800200000000000000000A368A66B94F83C1084F82C509A1B0220A26284F836
:200F4000300021B942F2050084F83E10A087002B3FF471AF002A3FF46EAF237BDB0940F0B3
:200F6000A98194F82F10384601F0AAFC62E7E18A49BA89B20BBB00293FF4EBAE94F83C00F2
:200F8000A362022184F82C1084F8301000287FF4E3AE42F205000021A08784F83E10002B13
:200FA0003FF4DAAE237BDB0940F07C811146384601F086FC94F830506CE6207BC0097FF44A
:200FC00075AF94F83C00A362022184F82C1084F830100028DDD0E5E7A36BA2681E4443F239
:200FE00003300021931BA08784F83E1001200221A663A36284F82C0084F83010002A3FF4EB
:20100000ABAE002B3FF4A8AE237BDB0940F04A8194F82F10384601F053FC94F8305039E692
:20102000607B252D00F2228101A252F825F000BF4D1209006D1209006D120900F9110900A2
:201040006D1209006D1209006D1209006D1209006D1209006D1209006D1209006D12090050
:201060006D1209006D1209006D1209006D1209006D1209006D120900B31109006D120900EB
:201080006D1209006D1209006D1209006D1209006D1209006D1209006D1109003711090048
:2010A0006D1209006D1209006D1209006D1209006D1209006D1209006D120900C910090096
:2010C0006D120900930D090005AD00230DF10E0204A96B600593AB60FEF704FD049A002A23
:2010E0003FF462AEBDF80E30002B3FF45DAE12BA5BBA08200221ADF81E3006928DF81700FE
:201100008DF81C1095E80700744B83E807000C20A368002B00F0A380984228BF184683B2A0
:2011200060636E4A94F82E10384601F08DFB00283FF4D3AD44E66A4B002B00F08C80E17C35
:20114000C1F3400301F001020909AFF30080002840F0818094F83C30002B7FF42DAE40F274
:2011600002420023A28784F83E3025E69DF816305C49002203F0800362F3C7138DF81630D8
:2011800003238DF815208DF817208DF81430002900F09A80AFF300809DF816304F4A80F0B1
:2011A000010060F3C7138DF81630059B13600420AEE74FF0203302250022CDE9052207A902
:2011C00009AA08938026079309930D93CDE90A330C938DF816500DAB8DF8175005AD8DF8ED
:2011E0001560FEF711FC0FCD3C4E0FC60FCD0FC62B68336024208BE794F83C2094F83D00FF
:2012000094F83E10354E4FF0000C4FF00003CDE905CCCDE907CC62F303038DF81630F0229C
:201220000A23ADF824C08DF820008DF821108DF814208DF81B3005AD0FCD0FC62B68A4F882
:201240003CC084F83EC03380122061E7FEF730FC00283FF47FAFA368002B3FF47AAD01218F
:201260003846FFF735FB94F8305013E594F83C20002A7FF4A1AD9BB2184A1B49FEF740FCAF
:201280000028FFF699ADE6D042E7012194F83C0084F82C100221A36284F8301000287FF4EB
:2012A0007EAE76E694F82E10384601F009FB94F83050EFE494F82E10384601F001FBD4E998
:2012C0000D2636E50221E1E7012065E7013B03491BBA12BAC1E90032082019E7B068002003
:2012E0000000000000000000BF6A002030B5154C83B000210D464FF4EE72204605F030FD8D
:2013000004F13C01201D00950123402200F0F2F80123402204F17C01009504F1200000F0D7
:20132000E9F804F1BC01012003F096F804F58671E0610120A56103F08FF8C4E90D0503B034
:2013400030BD00BFF06A002010B5064C2046002340F8043B00F04AFA04F12000BDE8104012
:2013600000F044BAF06A00204B79FF2B01D0002070472DE9F041324D6B7882B00BB9AB78AD
:201380001BB1002002B0BDE8F0810C788B782B70074608790E460C4418B36378052B0AD055
:2013A000A3189C4202D306E0A34204D921780C4461780529F8D1DFF89480CDF8048008F131
:2013C00001030246009321460223384601F042F9A0B13379A978C3EBC3031C4431B969783B
:2013E00091B9A01B80B202B0BDE8F08108F25B123846402301F028FA0028F0D1114B1B68CB
:20140000DA07BED500BEBDE7002001F04BFA07460028E6D10C494022A1F5BE7000F0D0F841
:201420000028DED003466978074A384601F00CFA0028D6D1034B1B68DB07D2D500BED0E748
:20144000F06A0020F0ED00E08C6C0020F16A002038B5234CA5788D420AD063788B424FF0B9
:20146000000004D101F01EFA054600B3012038BD9AB204F5AE71201D00F04EF9194B13B17A
:201480000020AFF30080A178002001F00BFA05460028EBD1144800F081F83F28E6D9A178A8
:2014A000124A2846402301F0CFF9012038BD402204F5CE7104F1200000F082F80028D5D04A
:2014C000034604F5CE722846617801F0BDF90028CCD1074B1B68DB07C8D500BEC6E700BF59
:2014E000F06A002000000000F46A00204C6C0020F0ED00E02DE9F041B2F5004F9DF81880F5
:2015000030D8044640691E460F46154618B14FF0FF3103F0E3F9A06918B14FF0FF3103F081
:20152000DDF96A0092B260692760511E00235242E381A580E68084F80880A1816281238214
:2015400018B11A46194602F0ADFDA06938B100231A46194602F0A6FD0120BDE8F0810120A6
:20156000BDE8F0810020BDE8F08100BFC189028A89B292B28B1A91429BB202D242899B1AF2
:201580009BB28088984228BF18467047C289038A9BB2981AB0FA80F040097047C189028A59
:2015A00089B292B28B1A914210B49BB2848802D240891B1A9BB2E01A80B25DF8044B704771
:2015C0002DE9F843044680690E46174618B14FF0FF3103F083F9E089218A80B289B2451A4F
:2015E0008842ADB202D26389ED1AADB2A388AB420AD2C21A984292B245D26189521A92B2FD
:201600002282218A1D4689B2002D40D0BD4228BF3D468B4203D8C91A89B28B42FBD95B1A5B
:20162000B4F8068022689FB2BD4208FB012124D917FB08F91FFA89F94A46304605F06CFB6C
:20164000EA1B12FB08F206EB090092B2216805F063FB228A92B253199BB29A4219D9628902
:2016600013449BB2A069238220B100231A46194602F018FD2846BDE8F88308FB05F2304660
:2016800005F04AFBE5E7A1899142B9D2B5E7238A9BB2A2899A42E5D2E1E700BF70B5054671
:2016A00080690E4618B14FF0FF3103F017F9EC892B8AA4B29BB2E01A9C4280B202D26A8914
:2016C000801A80B2AA88824208D2A11A944289B21CD26889091A89B229821046D0B193420E
:2016E00003D39B1A9BB29A42FBD9EA882968304602FB031105F010FB0124A86920B10023AE
:201700001A46194602F0CEFC204670BDA8898842E2D2DEE70446F0E72DE9F047154612B9B3
:201720002846BDE8F087044640690F4618B14FF0FF3103F0D3F8E689227A218AA388B4F854
:201740000680B6B289B282B39D4204D3ED1A08FB05770E461D469E42304603D3C01A80B200
:201760009842FBD21B1A22681FFA83F94D4508FB002027D808FB05F2394605F0CDFAAB19C1
:201780009BB29E4202D8A2899A4202D2628913449BB26069E3810028C2D000231A4619460F
:2017A00002F080FC2846BDE8F087721A8E4292B202D26189521A92B29A1A92B2954228BF6D
:2017C0001546C8E719FB08FA1FFA8AFA5246394605F0A2FAA5EB090212FB08F207EB0A0105
:2017E00092B2206805F098FAC9E700BF10B50446406918B14FF0FF3103F070F8A06918B10A
:201800004FF0FF3103F06AF8A38860695B009BB2591E5A420023E381A1816281238218B15B
:201820001A46194602F03EFCA06920B100231A46194602F037FC012010BD00BF38B50446F8
:2018400040690D4618B14FF0FF3103F047F8A06918B14FF0FF3103F041F86069257220B184
:2018600000231A46194602F01DFCA06920B100231A46194602F016FC012038BD024B587888
:20188000003018BF01207047246D0020024B1878C0F38000704700BF246D0020014B1878A5
:2018A000704700BF5B6D00202DE9F043374D2C7883B01CB1204603B0BDE8F0833722214668
:2018C0000646334805F04CFA3249012002F0C4FD314B1860002832D030490B464A6833F8F2
:2018E000080B4988009402F06BFB2D4B186030B32C4B6BB32C4FDFF8B880DFF8B890384689
:20190000AFF300803B78C8F800000DE0D8F8003004EB440203EBC2031B6898473B78013413
:20192000E4B21A1DA24225DBA342EFD8E31ADBB2042B1CD803EB430309EBC303ECE71B4B76
:201940001B68DB07B6D500BE204603B0BDE8F083DFF86080144F012458F8183B98473A7835
:201960000432A24204F1010404DB062CF4D100231B68FFDE304601F05FF9304601F05EF97D
:20198000012420462C7003B0BDE8F0835B6D0020246D0020D46C00205C6D0020B46000203F
:2019A000606D002000000000D06C0020F0ED00E0CC6C0020989209002DE9F04F8BB002F014
:2019C00063F9002800F0DC81DFF85C83DFF85C93DFF850A3DFF858B3D8F800004FF0FF32CE
:2019E00007A902F0E9FD002800F0CA819DF81D30013B072B00F2B881DFE813F01F01FA009D
:201A0000C800B900AD0040000E000800089B002BE2D009989847DFE79DF82010BC4B01F0BF
:201A20007F0403EB440303EBD11393F825006FF3000083F8250093F825006FF3820083F85B
:201A40002500002C00F0CC81B24ADB7C002A00F0C081B14A1278934280F0B981DBF8002053
:201A600003EB430312EBC30300F085811C699DF82120099B9DF81C00A047ADE7A44C9DF8C9
:201A80001C60237843F00103237094F825306FF3000384F8253094F825306FF3820384F80A
:201AA000253094F826306FF3000384F8263094F826306FF3820384F82630002000F0ACFF62
:201AC0009DF8203003F06002602A00F06A81402A00F06E8103F01F03012B00F0C581C0F0F7
:201AE000A281022B40F05D819DF8241001F07F03082B00F2568158002318CF093B44854D94
:201B0000DB7C002D00F0F481834D2D78AB4280F0ED81DBF8005003EB430305EBC3030093FC
:201B2000002A00F0EC815BB1009CE06800F074FFE368304608AA0021984700287FF44CAFC2
:201B40009DF81C00002101F0CDFA80219DF81C0001F0C8FA40E76E4B1B78D9077FF53CAF44
:201B60006E4B002B3FF438AFAFF3008034E7684B1A78D0077FF530AF694A002A3FF42CAFD0
:201B80001878C0F3C000AFF3008025E7624D614A2B78002A00F085800024A342194614D9A3
:201BA000DBF8003004EB440203EBC2035B69BBB19DF81C00984729780134E4B20B1D9C4208
:201BC0003FF70AAF0B46A342EAD8E31ADBB2042B7BD803EB43030AEBC3035B69002BE7D17C
:201BE0000134E4B20B1DA342FFF6F6AE0B46EAE7494D484A2B789DF81C40002A00F0F88004
:201C000000260FE0DBF8003006EB460203EBC2035B68204698472B780136F6B21A1DB2420B
:201C2000C0F28880B342EDD8F31ADBB2042B35D803EB43030AEBC303EAE7374D354A2B78F4
:201C40009DF81C40DAB100260EE0DBF8003006EB460203EBC2035B68204698472B78013623
:201C6000F6B21A1DB24233DBB342EED8F31ADBB2042B13D803EB43030AEBC303EBE7294FDB
:201C800001267B68204698472B7804339E4207F1180706F101061BDC062EF2D100235B6852
:201CA000FFDE204E01247269002A00F0B3809DF81C0090472B78191D8C4206F1180604F153
:201CC00001043FF789AE062CEDD100235B69FFDE0F4C37220021204605F042F84FF0FF3303
:201CE000C4F80730C4F80B30C4F80F30C4F80330C4F81330C4F81730C4F81B30C4F81F30FC
:201D0000A4F8233000F07EFE9DF82030A37063E6246D002000000000D06C0020000000001A
:201D20000000000098920900606D0020F0ED00E0CC6C002037220021BE4805F011F8BE4AE8
:201D40004FF0FF3353619361D3611384136053609360D360136100F055FEB84B002B3FF43B
:201D60003BAEAFF3008037E6D9F80030DA077FF533AE00BE30E6B24B1B68DC0700D500BE3A
:201D80000BB0BDE8F08F581EC0B2FDF7F7FD18B14378022B00F06382D9F80030DB0700D556
:201DA00000BED9F80030DD077FF5CAAE00BEC7E6A44800283FF4C4AE00F02EFE304608AA2C
:201DC0000021FDF739FF00287FF406AEB8E69B1ADBB2042BCFD803EB43030AEBC30345E697
:201DE000099B9DF821209DF81C0000F02BFEF3E5954F01267B68204698472B7804339E42DA
:201E000007F1180706F1010694DC062EF2D100235B68FFDE1A1D944206F1180604F1010467
:201E20007FF751AFD8E5202A00F07A81002AB8D19DF82130092BB4D801A252F823F000BF22
:201E40005520090017200900A31D090075200900A31D0900FD1F0900AB1F0900A31D0900D3
:201E6000971F0900691F09009DF824300F2B3FF667AE2344754ADB7882B3754A12789342D9
:201E80002AD2DBF8004003EB430314EBC3043FF457AEE06800F0C0FDE36808AA0021304678
:201EA000984700287FF498AD9DF8203013F060047FF446AE9DF821300A3B012B3FF640AE36
:201EC00000F0AAFD9DF821300A2B00F06E8108A9304600F01FFD7FE59B1ADBB2042B3FF634
:201EE0002FAE03EB43030AEBC304D2E75B1BDBB2042B40F22D81002A7FF422AE00929DF8B6
:201F00002130012B04D0C0F02C81032B7FF449AFBDF822509DB9012B00F0348125183D446E
:201F200020356B799B070AD4304601F0DBF86B7943F002036B716B7943F001036B71009D22
:201F4000002D3FF449ADE86800F066FDEB6808AA002130469847002000F05EFD94F82630C0
:201F6000DF073FF539ADB2E79DF8223003931A4663789A4207D06378002B40F01F81039BE9
:201F8000002B7FF400AF9DF80C306370304608A900F0C0FC20E50AAA637802F80E3D30462E
:201FA000012308A900F0CEFC16E5BDF82200030A5A1EC0B20E2A3FF6C3AD01A151F822F0EF
:201FC00009210900ED200900DD200900411B0900411B0900B7200900ED200900411B09008D
:201FE000411B0900411B0900411B0900411B0900411B0900411B09009120090008A800F029
:2020000011FD30469DF8221000F01EFE237843F002032370E0E4BDF82230012B7FF490AD5C
:20202000237830466FF3C30308A9237000F072FCD2E400BF246D0020276D002000000000EB
:20204000F0ED00E039FC08009892090000000000D06C00202378990801F00201C3F34013BE
:202060000AAA0B4322F80E3D3046022308A900F069FCB1E4BDF82230012B7FF461AD237874
:20208000304643F0080308A9237000F043FCA3E4B14B002B3FF454ADFDF7CAFD024600280C
:2020A0003FF47FAE3046538808A900F04BFC00287FF492AC44E5A94B002B3FF441ADAFF3A3
:2020C0000080024600283FF43BAD3046137808A900F038FC00287FF47FAC31E5BDF824105A
:2020E000FDF752FC02460028EFD129E5022B00F06D819B4B002B3FF423ADAFF300800246D7
:20210000002A3FF44EAECDE7FDF734FC1223024608A9304600F016FC00287FF45DAC0FE550
:202120009DF824300F2B3FF60BAD23448D4ADB782AB18D4A127893421BD39B1ADBB2042B8E
:202140003FF6FEAC03EB43030AEBC304E068EDE403EB43030AEBC3030093002A7FF4E4ACE8
:20216000CDE623183B4420330AAA5B79C3F3400378E7DBF8004003EB430314EBC3043FF47F
:20218000DFACE3E723181F4420377B799A077FF5D6AE304600F0ECFF7B7965F341037B719B
:2021A0007B7965F300037B71C9E60AAA08A902F80E4D3046012300F0C5FB0DE4304600F0DA
:2021C000E7FD694D674AA1782B7800918AB300270EE0DBF8003007EB470203EBC2035B6861
:2021E000304698472B780137FFB21A1DBA420BDBBB42EED8FB1ADBB2042B3FF64FAD03EB32
:2022000043030AEBC303EAE737220021574804F0A7FD574A9DF80030A3704FF0FF3353619D
:202220009361D3611384136053609360D3601361A5E6504B2A4601271D4613466A6801933F
:2022400030469047019B19780431B94205F1180507F10107D8DB062F3FF420ADEEE7C279C9
:202260002378511161F30413921162F34513237043880496C318059300F10907059BBB429D
:2022800040F29C807B780B2B00F09380012300937B78042B7FF480AD059B324ADB1B9BB2EC
:2022A0000293314B1B7842B300220192164619E0DBF8005006EB460305EBC305AB68029AB7
:2022C000049839469847082803D9029B834280F08480254B1B780136F6B21A1DB24201967E
:2022E000FFF65AAD9E42E3D3F31ADDB2042D21D805EB45050AEBC505E0E71E4D019215E0D3
:20230000AB68029A04983946984708282B4602D9029A824211D2144B019A1B78013204335E
:202320009342019205F11805FFF636AD019B052BDEB2E5D100239B68FFDE0546009A012A25
:202340004ED0009B33B3B97862180B46D278FF2A7FF422AD002216E031FC080000000000E0
:202360000000000000000000D06C0020246D0020276D0020989209005318DBB2E018C07841
:20238000FF287FF409AD23440132DE70009BD2B29342F1D833462A463946184801F0A8FCEB
:2023A000174B019A1B7804339A422F447FF766AFF2E43B78FA7800921F4469E7114B049E3E
:2023C000002B3FF4E0ADAFF30080DCE5FDF7D6FA0246002A3FF4E5AC64E62B460546ADE79B
:2023E0009B6809490098094A8B4208BF02200146934208BF02210091A5E700BF376D002041
:20240000D06C0020000000008DFF0800A506090030B589B000248D1E8DF809108DF8080000
:20242000CDF80E40CDF80A40ADF81240032D62D8DFE805F0264108023A4B1978C90760D4D2
:2024400009B030BD374B1978C807F9D51978364841F00401197000682AB3002305AA02A996
:2024600002F030F8059B002BEAD0304B4FF080525A6040BFBFF34F8FBFF36F8F09B030BD92
:20248000284929480B7800686FF300030B700C7800236FF341040C704B700C7863F38204AA
:2024A0000C70002ADAD1134602A94FF0FF3201F0F9FD09B030BD1B490B785B07C0D50B7869
:2024C0008DF8140018466FF38200174C087000230521CDF81A30CDF81630ADF81E30206868
:2024E0008DF81510B2B101AA05A901F0EBFF019B002BA5D0B9E70C4B1868002AD3D00023F8
:20250000ACE7197808486FF3820119700068002AA3D1C8E7134605A94FF0FF3201F0C2FDFD
:202520008EE700BF246D0020606D002000ED00E030B5154D85B0002301248DF80400CDF8EA
:202540000630CDF80A308DF80810ADF80E3028688DF8054082B16A4601A901F0B3FF009BA1
:2025600043B10A4B4FF080525A6040BFBFF34F8FBFF36F8F05B030BD134601A94FF0FF32F3
:2025800001F090FDF6E700BF606D002000ED00E030B50B4685B049688DF804001868114DE4
:2025A00002AC03C4002306212868ADF806308DF8051082B16A4601A901F084FF009B43B1C7
:2025C000094B4FF080525A6040BFBFF34F8FBFF36F8F05B030BD134601A94FF0FF3201F097
:2025E00061FDF6E7606D002000ED00E070B584B0164E9DF82040039207250022CDF8062066
:202600008DF80400ADF80A208DF808108DF8093030688DF805508CB1134601A96A4601F0B4
:2026200051FF009B43B10A4B4FF080525A6040BFBFF34F8FBFF36F8F04B070BD23464FF0D3
:20264000FF3201A901F02EFDF6E700BF606D002000ED00E02DE9F84FDDE90A67002A46D059
:2026600093464A78052A0C460FD191F803A00AF0030A534509D18B7803F07F03082B0DD928
:202680001C4B1B68DA0700D500BE1A4B1B68DB0702D40020BDE8F88F00BEFAE78146002565
:2026A000DFF854800CE06378052BEED1E37803F003035345E9D1A37803F07F03082BDFD899
:2026C00098F80210204601F0E1FA0028D8D02146484600F0CBFA0028D7D0A378DA0914BF0C
:2026E0003B703370237801355D451C44DBD10120BDE8F88FF0ED00E0246D002030B5114D0F
:2027000085B00023082402900193039128688DF8054082B16A4601A901F0D4FE009B43B142
:20272000094B4FF080525A6040BFBFF34F8FBFF36F8F05B030BD134601A94FF0FF3201F035
:20274000B1FCF6E7606D002000ED00E038B58B7803F07F03082B06D90A4B1B68DB0700D52F
:2027600000BE002038BD084B05460C460846997801F08CFA0028EFD021462846BDE83840E7
:2027800000F074BAF0ED00E0246D002070B5164C01F07F0304EB430404EBD114203460797C
:2027A00010F0010504D16379590704D5284670BD0025284670BD0D4E4FF0FF31306802F07A
:2027C0008DF86379DA0707D463795B0704D4637943F0040363710125002330681A4619463C
:2027E00001F060FC284670BD246D00205C6D002038B5134D0C4628684FF0FF3102F06EF861
:20280000104904F07F0301EB430101EBD41120314B7913F0010310D14C79C4F3800424B116
:202820004A7963F382024A710124002328681A46194601F037FC204638BD0024F5E700BF6B
:202840005C6D0020246D002070B5144C01F07F0604EB460404EBD11420346579ED0706D5D5
:202860000F4B1B68DA0700D500BE002070BD657945F00105657100F0DBFA0028F6D163793B
:20288000074A60F300036371637960F3820363711368DB07E9D500BE70BD00BF246D0020BF
:2028A000F0ED00E0054B01F07F0203EB420303EBD11191F8250000F001007047246D00208F
:2028C00010B50C4C01F07F0204EB420404EBD11494F825309B0700D510BD203400F002FCF9
:2028E000637943F002036371637943F00103637110BD00BF246D0020054B01F07F0203EB1C
:20290000420303EBD11191F82500C0F340007047246D00200A4630B4094C4968054610689C
:20292000234603C30023C4E9023392F900209A422846ACBF802119461A4630BCFFF784BF7E
:20294000246E0020F0B50E462B4C496807463068A260254603C50021E181F588AB4228BFB6
:202960002B4683B0A381ADB13BB3002A3DD094F90000402B28BF402300282CDB1F4A3846B4
:20298000FFF762FF98B91E4B1B68DB0712D500BE03B0F0BD96F90030002BACBF80210021A5
:2029A00038462B462A46FFF74FFF0028EBD0012003B0F0BD002003B0F0BD94F90020002AB9
:2029C000ACBF194680211A463846FFF73DFF0028D9D00120ECE71146084801931A4604F028
:2029E0009BF9064A019B8021EEE7054B1B68D907E0D500BE1046CBE7246E0020386E00203B
:202A0000F0ED00E0034B0022C3E90022C3E902221A617047246E0020014B1861704700BFCC
:202A2000246E00200346064A5968006810B41346002403C3C2E902445DF8044B704700BF10
:202A4000246E002070B5424C2278C909B1EBD21F82B0064616D033B13E4B1B68DA0743D4CC
:202A6000002002B070BD3C4B13B12146AFF300802369002B42D03046354A022198470120A2
:202A800002B070BD94F90020A068002A08DB0028E6D01A463149019304F03EF9A068019B7A
:202AA000E589E2881D44ADB21844AA42A060E58101D03F2B25D8236923B1254A0121304631
:202AC000984798B194F9002000239A42ACBF8021194630461A46FFF7B7FE78B91D4B1B681A
:202AE000DB07BDD500BEBCE700BEB9E70146304600F0F8FA3046802100F0F4FA012002B03C
:202B000070BDA28994F90010531B9BB2402B28BF402300290ADB95424FF0000112D00F4AF0
:202B20003046FFF791FE0028D8D0E7E795420BD001461A460948019304F0EEF88021074AF2
:202B4000019BEDE70A46EBE780210022E8E700BF246E0020F0ED00E000000000386E00205D
:202B600042DF704743DF704744DF704712DF70472C4B5B68C3F3080313B9EFF310839BB19A
:202B8000294B93F8D820002A36D1012283F8D8200260BFF36F8FBFF34F8F244A904227D09E
:202BA000043A904224D07047214A53681B06E7D5802110B4C2F88410BFF34F8FBFF36F8F64
:202BC000194B93F8D840E4B9012283F8D8200260BFF36F8FBFF34F8F144A90421DD0043ABE
:202BE00090421AD0124B80225A605DF8044B7047002283F8D8207047014601220D48FFF704
:202C00007DBD5160C2F88410BFF34F8FBFF36F8F93F8D840002CF4D1D6E7002283F8D82055
:202C2000E0E700BF00ED00E0786E00205070024000E100E0712B0900704700BF014B80226F
:202C40005A60704700E100E0074BD3F80014D3F8002400200A434FF48001C3F80024C3F857
:202C60005801C3F80413704700700240F0B488788D88CC78424FC10900F07F0202EB4203C5
:202C80004E00DB000E4403EB86033B4404F00304C5F30A05012C1D812BD0012303FA02F523
:202CA000B9B1384902329340C1F80433D1F810352B43C1F81035334B40F48072C3F818053C
:202CC000C3F80C25BFF36F8FBFF34F8F0120F0BC70472C4C02F10C06B340C4F80433D4F815
:202CE000143502F594722B43C4F8143544F82210E1E7082A08D0244B186810F00100E6D035
:202D000000BE0020F0BC7047E9B9B7F8D4301BB11C4B8022C3F81C251A4A0023C2F850318A
:202D2000D2F8003313F4001308BFC2F85431154B4FF44012C3F80423D3F8142542F4807273
:202D4000C3F81425B7E7B7F8C8200E4B0021C3F82C1112B18022C3F81C250A4AD2F8003326
:202D600013F4001308BFC2F85431064B074AC3F80423D3F8102542F48072C3F810259AE716
:202D8000786E002000700240F0ED00E000082000214B8022F0B4C3F88420BFF34F8FBFF343
:202DA0006F8F1E4A1E4E0D21012500231D4CA1F10A004FEA810C05FA01F7644405FA00F071
:202DC000013138431429C6F808036360A362C2E90033C2E90233C2E9043302F11802E5D115
:202DE0001149124AC6F80823C6F81C35C1F8C0307362C1F8C430B364C1F8C830C6F814550B
:202E0000C1F8CC30C6F81055C1E93433024B80225A60F0BC704700BF00E100E0906E00201F
:202E200000700240D06F0240786E00200008300001F07F00F0B54FEA400CCE090F460CEB64
:202E4000000571009D4CED00314405EB810104EB010E6250002283B0AEF80430AEF8062094
:202E6000002832D1002B39D1954BD3F88034C3F3C0139E4232D0934B5B68C3F30803002B9B
:202E80004DD1EFF31083002B49D18F4B5A68150645D58022C3F88420BFF34F8FBFF36F8F48
:202EA00094F8D810002940F0E980884A012384F8D8301360BFF36F8FBFF34F8F002384F810
:202EC000D830814B80225A603AE04EB963199A7A002A40F08580012003B0F0BD002E40D0F3
:202EE000844404EBCC0400EB8003618A228AA58AE468521A9B0092B203F1804303F51C3382
:202F00007349C3F80046AA4228BF2A4601EB8000C3F80426FFF72CFE012003B0F0BD94F833
:202F2000D83003F0FF02002B42D16849012384F8D8300B60BFF36F8FBFF34F8F84F8D820DF
:202F4000604B5A68C2F30802003218BF012200230092184639461A46FFF748FB012003B01A
:202F6000F0BD584B5B68C3F308033BBBEFF3108323BB554B5A68100620D58022C3F88420C6
:202F8000BFF34F8FBFF36F8F94F8D810002977D1504A012384F8D8301360BFF36F8FBFF3F5
:202FA0004F8F002384F8D830474B80225A6092E7012246494848FFF7A1FBC1E794F8D83015
:202FC00003F0FF02002B5DD14249012384F8D8300B60BFF36F8FBFF34F8F84F8D8207AE7F1
:202FE00008289E722ED1364BD3F8C024D1033FF572AFD4F8C0003349C3F8A007C3F8A42749
:203000004B68C3F30803002B42D1EFF31083002B3ED12D4B5A6812063AD58022C3F88420ED
:20302000BFF34F8FBFF36F8F94F8D81000293CD12A4A012384F8D8301360BFF36F8FBFF3B5
:203040004F8FB1E765591E499A8800F5947400EB800651F82440DB88D21A93B2A4B201EBC2
:2030600086011F4AC1F80057A34228BF2346C1F8043702EB8000FFF77BFD2CE75A6009E78F
:203080005A607BE7012213491348FFF737FB22E794F8D8305BB9114A012384F8D8301360EB
:2030A000BFF36F8FBFF34F8F15E75A60B6E701220A490948FFF722FB0DE700BF786E0020EA
:2030C0000070024000ED00E000E100E050700240047002404C700240712B0900487002405B
:2030E00028700240F8B511F07F0314D0082B0DD01C4C41F48072C909C4F8182506D103EBB3
:203100004302194DD200A818867A66B9BFF36F8FBFF34F8FF8BD134B01225A65BFF36F8F6E
:20312000BFF34F8FF8BD03F59476817254F826608188B0F806C0AF580C48A1EB0C018AB2DC
:20314000B5B203EB830C04EB8C04AA4228BF2A46C4F8007700EB8300C4F80427FFF708FD46
:20316000D4E700BF00700240786E00202870024011F0770F12D00A4B41F48072C3F80C1582
:20318000C3F80C25CA09C3F8181504BF01F5947143F82120BFF36F8FBFF34F8F704700BF98
:2031A000007002402DE9F04F8C4B8D4CD3F80003002387B01E461F46012520FA03F11A1900
:2031C000C9074FEA820209D5116839B105FA03F117600E43BFF36F8FBFF34F8F0133192BAE
:2031E000EBD1F70700F1CE81DFF80C82350508D57A4BD3F8A83601229BB2A8F8D23088F859
:20320000D720B40214D5754BD3F81425D00500F11082D3F81025D00540F1F08198F8D730EE
:20322000002B40F01282012203210020FFF7F0F871021FD5694BD3F8004404F4E062C3F83B
:203240000024E20500F1EA81670510D5634B0122C3F808259A65D3F8002312F4001208BF31
:20326000C3F854215D4B4FF40012C3F80423A50500F1CE8134022BD5584BD3F88024D2B289
:203280008DF81020D3F88414C9B28DF81110D3F888048DF81200D3F88C048DF81300D3F849
:2032A00090048DF81400D3F894048DF81500D3F898048DF81600D3F89C348DF81730500625
:2032C00001D1052904D0012204A90020FFF760F9444B33404BB198F8D830002B40F03C812D
:2032E000414B1B68DA0700F1AE81DFF80C91DFF8ECA0DFF808B1C8464D46002410E022443C
:2033000008EBC2020123D188A980D2880093002318463946FFF76AF9082F45D0013418353C
:2033200004F10C0326FA03F3DB07E7B2F4D504EB84030AEB83032968D3F808376200DBB2B4
:203340001019194408EBC0002960C1889BB2194489B2082CC180D2D029899942CFD1C388EE
:20336000A9889942CBD9002FD6D1204B5B68C3F30803002B40F07282EFF31083002B40F0B9
:203380006D821B4B5A68100640F168828022C3F88420BFF34F8FBFF36F8F98F8D810002903
:2033A00000F08E825A60F2E7124B3340002B00F0C3800A4BD3F86C74C3F86C74BFF36F8F01
:2033C000BFF34F8F16F4806640F0B980CDE90266024EDFF82CA000241CE000BF0070024062
:2033E000409C0010FCFB1F00F0ED00E000ED00E000E100E000040001786E00204C70024077
:20340000019C0010002C00F0AD81072D3BD0013409F1180927FA04F304EB840C04EB44025A
:20342000D90706EB8C0C08EBC202E5B2EAD5DCF80836D9F80C10DBB201EB030EC9F80CE0E0
:20344000518A0B449BB25382518AB9F810B004EB0A008B454FF000034FEA800045F080015A
:203460007ED9538AB9F81420CCF800E6ABEB030B1FFA8BF3934228BF1346CCF80436FFF745
:2034800077FB072DC3D1FB0371D4039B002B6ED1BE0309D5B8F81E20B8F81C30934200F257
:2034A0006681012388F822307D0309D5B8F83620B8F83430934200F20181012388F83A3060
:2034C0003C0309D5B8F84E20B8F84C30934200F21F81012388F85230F80209D5B8F86620EA
:2034E000B8F86430934200F25981012388F86A30B90209D5B8F87E20B8F87C30934200F29F
:203500006281012388F882307A0209D5B8F89620B8F89430934200F26B81012388F89A301D
:203520003B0209D5B8F8AE20B8F8AC30934200F27481012388F8B23007B0BDE8F08FD3F87E
:203540008024D3F8803483F08003C3F3C0130393C2F3C01302933BE7002388F8D830C4E69F
:203560000120528A00901846FFF740F84DE7B8F80620B8F80430934200F2DF80012388F87A
:203580000A3085E7BE4BBF4ADFF83083BE4800240125C2F81455C2F81055546094625C60F1
:2035A0009C629C60DC62DC601C631C615C635C619C639C61DC63DC611C6454629464C2F8BF
:2035C0005841D2F80034D2F800140B43C2F80034D2F80033C2F808332146C2F8040340469A
:2035E000DC2203F0BDFB40232A4621462046A8F81430A8F80830FEF79BFFF7E54FF4001206
:20360000C3F80823032101220020FEF701FF0FE6012205210020FEF7FBFE2BE60122C3F82D
:203620002C2504210020FEF7F3FE67057FF51FAE0CE6D3F8C024D10314D5D3F81035DF050F
:203640007FF5F1ADEAE500BE4FE600240121B8F8D220009123462046882188F8D740FEF719
:20366000C5FFE0E5D8F8C0008849C3F8A007C3F8A4274B68C3F30803002B34D1EFF310835F
:203680008BBB834B5A6812062DD58022C3F88420BFF34F8FBFF36F8F98F8D81000297BD10C
:2036A0007C4A012388F8D8301360BFF36F8FBFF34F8F774B80225A60724BBEE7714AD8F8DA
:2036C0003040D2F8A814B8F83600C2F828471B1A9BB289B28B4228BF0B46C2F82C376E4850
:2036E000FFF746FAECE698F8D830002B40F0AA80684A012388F8D8301360BFF36F8FBFF372
:203700004F8F604BD3F81035DC053FF587AD8AE55C4AD8F84840D2F8AC14B8F84E00C2F818
:203720003C471B1A9BB289B28B4228BF0B46C2F840375A48FFF71CFACEE6524AD8F8004005
:20374000D2F8A014B8F80600C2F800471B1A9BB289B28B4228BF0B46C2F804375048FFF7EF
:2037600007FA95E6029B002B3FF451AE5FE6454AD8F81840D2F8A414B8F81E00C2F8144772
:203780001B1A9BB289B28B4228BF0B46C2F818374448FFF7EDF987E65A6077E7394AD8F81E
:2037A0006040D2F8B014B8F86600C2F850471B1A9BB289B28B4228BF0B46C2F854373A48EB
:2037C000FFF7D6F994E62F4AD8F87840D2F8B414B8F87E00C2F864471B1A9BB289B28B42FA
:2037E00028BF0B46C2F868373048FFF7C1F98BE6244AD8F89040D2F8B814B8F89600C2F8FB
:2038000078471B1A9BB289B28B4228BF0B46C2F87C372748FFF7ACF982E61A4AD8F8A8402C
:20382000D2F8BC14B8F8AE00C2F88C471B1A9BB289B28B4228BF0B46C2F890371D48FFF765
:2038400097F979E6012213491B48FEF757FF0D4BD3F81035DD053FF5E1ACE4E498F8D830E1
:2038600003F0FF02002B3BD1012388F8D830CBF80030BFF36F8FBFF34F8F88F8D8204DE594
:2038800004700240007002400514C00100ED00E000E100E048700240307002403470024096
:2038A000287002402C700240387002403C7002404070024044700240712B0900786E0020E5
:2038C000012388F8D830CBF80030BFF36F8FBFF34F8F002388F8D830044B80225A601DE5B1
:2038E000012259460248FEF709FF17E500E100E0712B090030B5012883B000F09B8053D3EB
:2039000002283CD1B44BD3F80435002B40F0CB80B14AD2F800341C05FBD54FF40063C2F87D
:203920000034BFF36F8FBFF34F8FAC4AAC4B12681B68082A00F0CB80A749AA4A8023012014
:20394000C1F81C35C1F80403C2F884315360A64D43F204044FF080432268AA4211D0D3F827
:203960000C14D3F80C24D003F6D5CA07F4D59A4B0122C3F80425BFF36F8FBFF34F8F03B015
:2039800030BD02AA002102F8041D1046FFF7EEF89DF804000028E2D010460191FFF7E4F8F3
:2039A000019A002AD8D0E2E78B4BD3F80025002AE5D14FF480014FF40062C3F80813C3F831
:2039C0000024BFF36F8FBFF34F8F844B1B68082B00F0AC80804B0122C3F80025BFF36F8F64
:2039E000BFF34F8F43F2040203F18D5303F57723126803F2DB539A4200F0BF804FF08043EC
:203A0000D3F80C24D3F80C34D90301D5D207B6D443F20402744B12689A4200F00C81734B00
:203A200000221A601B6801934FF08043012201991A60A4E7684BD3F80025002A9FD00022B1
:203A4000C3F80425BFF36F8FBFF34F8F65498020C1F88400BFF34F8FBFF36F8FD3F8001399
:203A6000C3F80813C3F80025BFF36F8FBFF34F8F43F2040103F18D5303F57723096803F24A
:203A8000DB53994200F08E80594B01221A60594B5A68C2F30802003218BF0122022100204A
:203AA000FEF7B6FC6BE743F204024F4B12689A4200F0AC804FF08043D3F80C24D3F80C34BE
:203AC000DB037FF525AFD5077FF522AF57E7032B09D8494A1168002979D1484C49F275305F
:203AE0001060216010605A1E022A10D8424A1168002964D1424D3948394B00681B6849F2BC
:203B0000753414602960146008287FF415AF032B3FF612AF3B493C4B40F2E37040220860A6
:203B20001A60BFF36F8FBFF34F8F05E72C4B1B685A1E022A12D8304B1A68002A40F08D80F3
:203B40002F4949F2753203201A6008601A60234A234B12681B68082A7FF43CAF032B3FF6C1
:203B600039AF254B1A68002A73D1244949F27532C0201A6008601A602CE702AB002203F895
:203B8000042D1846FEF7F2FF9DF8041000293FF435AF18460192FEF7E7FF019B002B7FF4C1
:203BA000EEAE35E702A800F8042DFEF7DFFF9DF80430002B3FF468AFFEF7D4FF67E7074903
:203BC000074B0F4A08681B68002111609CE70B4A0021116087E700BF00700240300100102B
:203BE0003401001000E100E0DBE5B151000100400400004000ED00E000EC064014EC064033
:203C000014ED0640007802400478024002AB002203F8042D1846FEF7A9FF9DF8041000291D
:203C20003FF448AF18460192FEF79EFF019B002B7FF4A5AE6CE602A8002300F8043DFEF7FD
:203C400095FF9DF80430002B3FF4E9AEFEF788FF95E6044BC0221A60BCE6034B03221A60E1
:203C600075E700BF14EC064014ED064008B50020FDF71AFE20B9034B1B68DB0700D500BE94
:203C800008BD00BFF0ED00E0FDF708BEC378828803F003000228C2F30A021DD013D8012802
:203CA0000FD1022940F2FF3308BF4FF48063934211D20E4B186810F001000CD000BE00205C
:203CC00070470020704702290CBF4FF4806340239342EED301207047022902D0402AE8D842
:203CE000F8E7B2F5007FE4D1F4E700BFF0ED00E00A44914216D230B44C78052C05D00C7878
:203D000021448A42F8D830BC70478C7804F07F0500EB4505E4092B550C7821448A42EBD869
:203D200030BC7047704700BF29DF704728DF70470F4B984217D00F4B984210D010B50E49A2
:203D400004460E4800F092F8214610220B4800F09FF80B490948BDE8104000F0C7B809497B
:203D6000064800F0C3B80849044800F0BFB800BFDDCCBBAA44332211349309000C630020B0
:203D80004C930900209309001093090030B5012183B00C2002F096FC23484FF4E1310446DF
:203DA000FBF7CEFB03E04FF4FA7000F0EFF82046FBF7DEFB0028F6D04FF46C2425682846F4
:203DC000FFF7B6FF194A1A4B1A4917489D4208BF134602AD019300F049F855F8041D124873
:203DE000102200F09BF84FF080531869B4FBF0F0FFF79CFF012229462046FFF795FF0E4982
:203E0000094800F073F840F6B83000F0BFF8BFF34F8F0A490A4BCA6802F4E0621343CB600E
:203E2000BFF34F8F00BFFDE70C63002044332211DDCCBBAA509309006C93090000ED00E047
:203E40000400FA0508B501210C2002F0BFFC4FF4967000F09BF80C20002102F0B7FC4FF4A6
:203E60009670BDE8084000F091B800BF69B170B5054608460C4603F07DFB2B680246214680
:203E800028465B68BDE8704018470846704700BFF0B506688BB022B93368C9B298470BB0A0
:203EA000F0BD0AACD2B20023022A04F8043D05462CBF10460A20B1FBF0F200FB1217FBB27A
:203EC000092F03F130078ABF3733FBB2DBB2114604F8013D002AEED1204603F04BFB73689E
:203EE00002462146284698470BB0F0BD036870B505460C465E6849B1084603F03BFB214693
:203F000002462846B0472B685E680446284602220149B047204470BD88930900F0B50546D9
:203F20008BB0066862B93368C9B2984704462B6815495B6828460222984720440BB0F0BD8D
:203F40000AACD2B20023022A04F8043D2CBF10460A20B1FBF0F200FB1217FBB2092F03F1A5
:203F600030078ABF3733FBB2DBB2114604F8013D002AEED1204603F0FDFA214602467368C9
:203F8000284698470446D2E788930900014638B54FF47A7200238002890D02F0F5FC0546E1
:203FA00001F0A4F80446FBF793F901F09FF8001B854200D838BD281ABDE8384001F0BAB9B2
:203FC00038B51C469DF8105043B3002908BF1A460123C4E90F01226084F8463001F0CEFE45
:203FE000D4E90F132268A26001FB03F1CB1A134400200A44FF21A063E36084F844106260C4
:2040000084F8451004F1100002F0FCFB04F1240002F0F8FB01F0BCFE84F84C50204638BDC5
:20402000F8B5074615460E4669B100FB01F0503002F066FC044690B3002200F1500380F892
:204040004620036007E0502002F05AFC044630B384F846602460C4E90F7601F08FFED4E9B8
:204060000F132268A26001FB03F1CB1A134400200A44FF21A063E36084F84410626084F884
:20408000451004F1100002F0BDFB04F1240002F0B9FB01F07DFE84F84C502046F8BD00249A
:2040A0002046F8BD2DE9F04F044685B01D460192884601F063FEA26BE36BA84F4FF0000961
:2040C0009A424E46C0F08B80022D00F006810198002800F03081B9F1000F00F0958001F0FE
:2040E00057FE00F0FBFF01F049FE94F84430FF2B08BF84F8446094F84530FF2B08BF84F8CA
:20410000456001F045FE01A902A801F015FB002840F0188101F032FEA26BE36B9A4277D0E1
:2041200001F036FE01F02AFE94F845304FFA83FABAF1000F1ADD636AC3B104F1240907E07F
:204140000AF1FF33DBB24FFA83FA7BB1636A6BB1484601F097FA0028F2D001F025FB0AF1C4
:20416000FF33DBB24FFA83FA002BEFD1FF2384F8453001F00DFE01F001FE94F844304FFA87
:2041800083FABAF1000F1ADD2369C3B104F1100907E00AF1FF33DBB24FFA83FA7BB12369C4
:2041A0006BB1484601F06EFA0028F2D001F0FCFA0AF1FF33DBB24FFA83FA002BEFD1FF239E
:2041C00084F8443001F0E4FD01F02EF801F0D6FDA26BE36B9A424FF00109BFF475AF226C5D
:2041E000A66B002A40F0FC8025680136002D00F01881A663636A002B40F08C8001F0C8FD6B
:20420000012005B0BDE8F08F02A801F089FA66E704F1100901F0BCFD4846019901F0B6F9B9
:2042200001F0ACFD94F845A04FFA8AFABAF1000F1CDD636AD3B104F1240B08E00AF1FF3A62
:204240005FFA8AF34FFA83FA83B1636A73B1584601F018FA0028F1D00AF1FF3A01F0A4FA50
:204260005FFA8AF34FFA83FA002BEED1FF2384F8453001F08DFD01F081FD94F844304FFA72
:2042800083FABAF1000F06DC15E00AF1FF33DBB24FFA83FA7BB123696BB1484601F0F2F952
:2042A0000028F2D001F080FA0AF1FF33DBB24FFA83FA002BEFD1FF2384F8443001F068FDD6
:2042C00000F0B2FF002881D14FF080537B6040BFBFF34F8FBFF36F8F78E7226CA66B002A6F
:2042E00082D04146E06802F017FD236CE26821685B421A448A42E26080F089806268134492
:20430000E360022D00F083800136A663636A002B3FF474AF04F1240001F0B4F900283FF498
:204320006DAF0E4B4FF080525A6040BFBFF34F8FBFF36F8F62E7009001F02AFD009805B0C0
:20434000BDE8F08F01F01AFD94F845506DB2002D18DD636AB3B104F1240607E000ED00E0CB
:20436000013DEBB25DB26BB1636A5BB1304601F089F90028F4D0013D01F016FAEBB25DB29E
:20438000002BF1D1FF2384F8453001F001FD01F0F5FC94F844506DB2002D16DD2369A3B10D
:2043A00004F1100605E0013DEBB25DB26BB123695BB1304601F066F90028F4D0013D01F08E
:2043C000F3F9EBB25DB2002BF1D1FF2384F8443001F0DEFC00F028FF002005B0BDE8F08F6B
:2043E00041465DBBA06802F097FCA368216C62680B44934206F10106A360FFF4FAAEA66366
:20440000636A2268A260002B3FF4F8AE82E7002E7FF4EFAE0123A363636A002B3FF4EEAEA7
:2044200078E7606801F032FAA663636A6560002B7FF470AF00287FF474AFDFE6E06802F023
:204440006BFC236CE26821685B421A448A42E260BFF457AF52E700BFF8B50C4679B3002589
:204460000123216081F84630C1E90F35064601F085FCD4E90F322168A56303FB02F39A1AC6
:204480000A440B44FF27C4E90131E26084F8447004F1100084F8457002F0B4F904F124001A
:2044A00002F0B0F901F074FCC4E90055E56084F84C602B462A4629462046FFF7F3FD20468F
:2044C000F8BD00BF2DE9F0418C4682B004461746EFF31186402282F31188806BE26B904283
:2044E00021D3022B05D0002086F3118802B0BDE8F08194F84550226CD4F838806DB252BB6D
:20450000236808F10108002B4FD06B1CC4F8388037D001356DB284F84550012086F3118829
:2045200002B0BDE8F08194F84550226CD4F838806DB2002AE4D073B9A06802F0EDFBA3686A
:20454000216C62680B44934208F10108A360DCD32368A360D9E76146E068019302F0DCFB92
:20456000206CE2682168019B404202448A42E26002D262681044E060022B10D008F1010829
:20458000C3E7636A002BC8D004F1240001F07AF80028C2D0002FC0D001203860A4E7B8F1FF
:2045A000000F08BF4FF00108AFE76068019301F06DF9019B6360A8E72DE9F047044684B0DB
:2045C0008846019201F0DAFBD4F83890B9F1000F40F09380019B002B00F00A8102A801F047
:2045E0009FF8B34F4E4604F1240501F0D1FB00F075FD01F0C3FB94F84430FF2B08BF84F835
:20460000446094F84530FF2B08BF84F8456001F0BFFB01A902A801F08FF8002840F087800D
:2046200001F0ACFBA36B002B40F0E88001F0B0FB0199284600F0AAFF01F0A0FB94F8453047
:204640004FFA83F9B9F1000F06DC15E009F1FF33DBB24FFA83F97BB1636A6BB1284601F013
:2046600011F80028F2D001F09FF809F1FF33DBB24FFA83F9002BEFD1FF2384F8453001F052
:2046800087FB01F07BFB94F844304FFA83FABAF1000F1ADD2369C3B104F1100907E00AF1CA
:2046A000FF33DBB24FFA83FA7BB123696BB1484600F0E8FF0028F2D001F076F80AF1FF33C6
:2046C000DBB24FFA83FA002BEFD1FF2384F8443001F05EFB00F0A8FD00287ED14FF0805322
:2046E0007B6040BFBFF34F8FBFF36F8F01F046FBD4F83890B9F1000F76D0226C52B1E16801
:20470000636811449942E16024BF2168E160404602F002FB09F1FF33A3632369002B40F022
:20472000C98001F035FB012004B0BDE8F08701F025FB94F845304FFA83F9B9F1000F06DCAC
:2047400015E009F1FF33DBB24FFA83F97BB1636A6BB1284600F096FF0028F2D001F024F8E7
:2047600009F1FF33DBB24FFA83F9002BEFD1FF2384F8453001F00CFB01F000FB94F84430D9
:204780004FFA83FABAF1000F1ADD2369C3B104F1100907E00AF1FF33DBB24FFA83FA7BB101
:2047A00023696BB1484600F06DFF0028F2D000F0FBFF0AF1FF33DBB24FFA83FA002BEFD128
:2047C000FF2384F8443001F0E3FA00F02DFD01F0D5FAA36B63B101F0DBFA01F0CFFAD4F8B1
:2047E0003890B9F1000F88D1019B002B7FF4FDAE01F0CEFA002004B0BDE8F08701F0C8FA9E
:2048000001F0BCFA94F845304FFA83F9B9F1000F06DC15E009F1FF33DBB24FFA83F97BB1F1
:20482000636A6BB1284600F02DFF0028F2D000F0BBFF09F1FF33DBB24FFA83F9002BEFD108
:20484000FF2384F8453001F0A3FA01F097FA94F844304FFA83FABAF1000F1ADD2369C3B1BE
:2048600004F1100907E00AF1FF33DBB24FFA83FA7BB123696BB1484600F004FF0028F2D084
:2048800000F092FF0AF1FF33DBB24FFA83FA002BEFD1FF2384F8443001F07AFA00F0C4FC05
:2048A00001F06CFAD4F83890B9F1000F9CD024E700ED00E004F1100000F0E4FE00283FF4DE
:2048C00030AF054B4FF080525A6040BFBFF34F8FBFF36F8F25E700BF00ED00E02DE9F043BE
:2048E000044685B00026019101F048FAA36BB24FB0463546002B40F0F380019B002B00F049
:204900005D81B8F1000F00F0FC8001F041FA00F0E5FB01F033FA94F84430FF2B08BF84F80E
:20492000445094F84530FF2B08BF84F8455001F02FFA01A902A800F0FFFE00286CD101F02F
:204940001DFAA36B002B40F0E08001F021FA2368002B00F03C8104F124094846019900F0CE
:2049600015FE01F00BFA94F845304FFA83F8B8F1000F06DC15E008F1FF33DBB24FFA83F85E
:204980007BB1636A6BB1484600F07CFE0028F2D000F00AFF08F1FF33DBB24FFA83F8002B80
:2049A000EFD1FF2384F8453001F0F2F901F0E6F994F844304FFA83F8B8F1000F1ADD236979
:2049C000C3B104F1100907E008F1FF33DBB24FFA83F87BB123696BB1484600F053FE002827
:2049E000F2D000F0E1FE08F1FF33DBB24FFA83F8002BEFD1FF2384F8443001F0C9F900F00A
:204A000013FC002864D14FF080537B6040BFBFF34F8FBFF36F8F5BE001F0B0F994F8453028
:204A20004FFA83F8B8F1000F1ADD636AC3B104F1240907E008F1FF33DBB24FFA83F87BB111
:204A4000636A6BB1484600F01DFE0028F2D000F0ABFE08F1FF33DBB24FFA83F8002BEFD1EA
:204A6000FF2384F8453001F093F901F087F994F844304FFA83F8B8F1000F1ADD2369C3B1C2
:204A800004F1100907E008F1FF33DBB24FFA83F87BB123696BB1484600F0F4FD0028F2D078
:204AA00000F082FE08F1FF33DBB24FFA83F8002BEFD1FF2384F8443001F06AF900F0B4FB1A
:204AC00001F05CF9A36B002B00F08A8001F060F901F054F9A36B4FF00108002B3FF40DAF65
:204AE0002268013BA363002A00F09E802369002B40F0898001F04CF90126304605B0BDE895
:204B0000F08302A800F00CFEFFE601F041F901F035F994F845304FFA83F8B8F1000F1ADDDB
:204B2000636AC3B104F1240907E008F1FF33DBB24FFA83F87BB1636A6BB1484600F0A2FD7D
:204B40000028F2D000F030FE08F1FF33DBB24FFA83F8002BEFD1FF2384F8453001F018F9D1
:204B600001F00CF994F844304FFA83F8B8F1000F1ADD2369C3B104F1100907E008F1FF33AC
:204B8000DBB24FFA83F87BB123696BB1484600F079FD0028F2D000F007FE08F1FF33DBB265
:204BA0004FFA83F8002BEFD1FF2384F8443001F0EFF800F039FB8BE700ED00E0009301F075
:204BC000E7F8009B1E46304605B0BDE8F08301F0D5F8606800F018FE064601F0D9F8BAE67A
:204BE00001F0D6F8002E88D001F0C8F8616A19B1236B1968C1F10501606800F073FE002614
:204C000001F0C6F879E704F1100000F03BFD00283FF470AF064B4FF080525A6040BFBFF311
:204C20004F8FBFF36F8F65E700F092FE60605DE700ED00E0074B1A681AB19A6802B170473E
:204C4000012210B403EBC20443F8321060605DF8044B7047B87B002070B505460C461646B0
:204C600001F08CF895F84430FF2B04BF002385F8443095F84530FF2B04BF002385F84530B9
:204C800001F086F8AB6B2BB93246214605F1240000F0B8FC01F072F895F8454064B2002C5F
:204CA00016DD6B6AA3B105F1240605E0013CE3B25CB26BB16B6A5BB1304600F0E3FC002889
:204CC000F4D0013C00F070FDE3B25CB2002BF1D1FF2385F8453001F05BF801F04FF895F8C9
:204CE000444064B2002C16DD2B69A3B105F1100605E0013CE3B25CB26BB12B695BB1304610
:204D000000F0C0FC0028F4D0013C00F04DFDE3B25CB2002BF1D1FF2385F84430BDE870408C
:204D200001F036B82DE9F041044601F027F8344A344D1368013313602B68002B2FD0324E95
:204D4000E36A32682AB33148314907680A689F4238BF03602F48013203EB83030A6000EB0D
:204D60008300E263211D01F05DFD01F011F833686BB12A68E36AD26A9A4208D2264B4FF0B0
:204D800080525A6040BFBFF34F8FBFF36F8FBDE8F0812A68D26A9A4298BF2C60D3E72C605F
:204DA0001368012B02D0E36A174ECCE71948DFF894801A4F144E01F025FD194801F022FD7A
:204DC000184801F01FFD184801F01CFD174801F019FD404601F016FD384601F013FD144831
:204DE00001F010FD134801F00DFD134801F00AFD124B134AC2F800801F60E36AA3E700BF03
:204E0000C46F0020546F002024700020D86F0020D46F0020606F002000ED00E0F06F0020A3
:204E2000746F0020886F00209C6F0020B06F0020107000203C700020287000205C6F0020DF
:204E4000586F0020DC6F00202DE9F843DDE90964002C60D016B93046BDE8F8830D469700D1
:204E6000984602233A4684F85130814626633046A52101F075FF2A78236B84F83420043F7E
:204E80002A781F4427F0070702B36B7884F835306B78DBB1AB7884F83630AB78B3B1EB7811
:204EA00084F83730EB788BB12B7984F838302B7963B16B7984F839306B793BB1AB7984F8F7
:204EC0003A30AB7913B1EB7984F83B30089D042D28BF04250026E5626564201D84F83B60C5
:204EE000A66401F09BFCC5F1050504F1180001F095FCE66442464946A561246184F85060B9
:204F00006462384600F0FEFE20602046FFF70AFF2046BDE8F8832046BDE8F8832DE9F04723
:204F20009600804630460D469946099F01F0E8FC002869D08246542001F0E2FC0446002812
:204F40005BD00023C0F830A03246504684F85130A52101F005FF2A78236B84F83420043E73
:204F60002A781E4426F0070A02B36B7884F835306B78DBB1AB7884F83630AB78B3B1EB782F
:204F800084F83730EB788BB12B7984F838302B7963B16B7984F839306B793BB1AB7984F816
:204FA0003A30AB7913B1EB7984F83B30089D042D28BF04250026E5626564201D84F83B60E4
:204FC000A66401F02BFCC5F1050504F1180001F025FCE664A561246184F8506064624A4679
:204FE0004146504600F08EFE206007B13C602046FFF798FE0120BDE8F087504601F092FC00
:205000004FF0FF30BDE8F0874FF0FF30F3E700BF70B584B0002503AA02A901A8CDE9015574
:2050200001F072FA019C002C46D00298002843D0039E20630223B600A521324684F8513025
:2050400001F08EFE236B1F4A6263201D84F83850043E84F83B50E562C4E911551E4401F0E0
:20506000DDFB04F1180001F0D9FB26F007060523A3612A461449E56430462461646284F8E4
:20508000505000F03FFE20602046FFF74BFE0F4B1C6000F0DBFD012811D1402383F3118803
:2050A0000B490C4A0C4B4FF0FF340C6010601D6000F03EFE04B070BD044B00221A6004B078
:2050C00070BD00BF49444C45B953090004700020087000202470002050700020024A13682A
:2050E00001331360704700BFD06F0020014B1868704700BF50700020024A1368184410607F
:20510000704700BF507000202DE9F04F3B4B1B6883B0002B42D13A4B1F6801371F60002F78
:205120004AD0384B01931B68BB423BD8364EDFF8EC80DFF8ECA0DFF8EC90002525E0336869
:20514000DB68DC68636804F1040B9F42584651D301F092FBA36A04F118000BB101F08CFB8A
:20516000E36AD8F8002003EB8300934259460AEB800088BFC8F8003001F054FBD9F8003020
:20518000E26ADB6A9A4228BF012533681B68002BD5D1019A4FF0FF33136004E01B4A136863
:2051A0000133136000251A4B1B68002B0CBF2846012003B0BDE8F08F134E164B3168164A24
:2051C00018683060196013680133136033681B683BB90C4B01931A464FF0FF33136013468A
:2051E000A1E73368074ADB680192DB685B681360134698E7019A1360D5E700BFD06F00202C
:205200005070002008700020586F0020CC6F0020547000205C6F00200C700020D86F002002
:20522000606F0020546F00202DE9F04700F0A6FD354B1A68013A1A601C68002C57D1334BAF
:205240001B68002B53D0DFF8E0A0314E314FDFF8DC90DFF8DC80336813B3F368DC68251D6F
:2052600004F1180001F008FB284601F005FBE36A3A6803EB83009342294609EB800088BF6F
:205280003B6001F0CFFAD8F80030E26ADB6A9A424FF00103DFD3CAF800303368002BDCD1F2
:2052A0003CB11D4B1A6812683ABB1C4B4FF0FF321A601B4D2C6844B10126FFF725FF08B16C
:2052C000CAF80060013CF8D12C60DAF8003073B1144B4FF080525A6040BFBFF34F8FBFF389
:2052E0006F8F012400F054FD2046BDE8F087002400F04EFD2046BDE8F0871A68074BD268D9
:20530000D26852681A60D4E7D06F0020C46F002010700020D86F0020586F0020087000202C
:20532000CC6F002000ED00E054700020606F0020546F002070B548B9184B4FF080525A603B
:2053400040BFBFF34F8FBFF36F8F70BD144A15491368154E013313600D6804463068043015
:2053600001F08AFA336864195C600FD20F4B18683168043101F066FA0D4B1A68944238BF63
:205380001C60FFF751FF0028D6D070BD094B18683168043101F056FAF3E700BF00ED00E007
:2053A000D06F002050700020546F0020586F0020087000205C6F00202DE9F84F3C4E3D4DF0
:2053C0003D4CDFF80891DFF80881DFF808B14FF0805A2368D3B100F0D1FCF368DF68381D08
:2053E00001F04AFA2B68013B2B602368013B236000F0CEFC97F85130002B37D0012BE8D1F3
:20540000384601F08FFA2368002BE4D12B4B1B68012B06D9CBF804A040BFBFF34F8FBFF37D
:205420006F8F00F041FED9F8003033BBD8F80030DB6A002BCDD1214B1B68012BC9D8204B1B
:20544000204A1B6812689B1A012BC2D91E4A136801331360D9F80030BBB1D8F80030DB6A2D
:205460000BB9164B1B68FFF7DFFEB2E7386B01F059FA384601F056FAABE7D8F80030DB6A9B
:20548000002BA6D10D4B1B68A3E7D8F80030DB6A002BE8D1094B1B68012BE4D8084B18684A
:2054A000084B1B68C01A0128DDD900F0DDFCDAE73C700020C46F0020C86F0020606F00206E
:2054C0000870002050700020D06F0020D86F0020546F002000ED00E0274B1B68002B40D1AD
:2054E000264A70B5264C13602268236812681B6B9A423AD9234D24492A68930098188000FC
:205500000858E0B9561EB30098198000085830BB961EB30098198000085800BBD61EB30095
:20552000981980000858D0B9161FB300981980000858A0B9053A93009818800008581344C6
:205540009B00CE1808337068406870600B44984204BF40687060C36823602A6070BD3246FE
:20556000EDE7064B01221A60704720682168343100F0C6FFBEE700BFD06F002054700020E0
:20558000546F0020D86F0020606F002070B5174D2B680C4603F1180101F054F9144B1E6834
:2055A0002868043001F068F9631C17D02B68A4195C600BD20F4B18682968043101F042F9BA
:2055C0000D4B1A68944238BF1C6070BD0B4B18682968BDE87040043101F034B929680848CB
:2055E0000431BDE8704001F01DB900BF546F002050700020586F0020087000205C6F00206E
:205600002870002070B5194D2B680C46164603F1180101F007F9164B5EB11B682868043051
:2056200001F02AF9296813480431BDE8704001F0F9B81E682868043001F01EF92B68A4199C
:205640005C600BD20C4B18682968043101F0FAF80A4B1A68944238BF1C6070BD084B186811
:205660002968BDE87040043101F0ECB8546F00205070002028700020586F00200870002080
:205680005C6F002038B5C368DC6804F11805284601F0F2F81A4B1B682BBB251D284601F0F9
:2056A000EBF8184AE36A116817488B4288BF136003EB8303294600EB830001F0B3F8134BAE
:2056C000E26A1B68DB6A9A4282BF114B01201860104B1A68126898BF00204AB90E4B4FF03B
:2056E000FF321A6038BD29460C4801F09BF8E6E71A68094BD268D26852681A6038BD00BFC4
:20570000D06F0020D86F0020606F0020546F002054700020586F00200870002010700020EE
:20572000034A044B12681B68C0E90023704700BF0C70002050700020F8B50D46044600F0D8
:205740001DFB2B681649581C0A6813D0DFF854C0D4E90060DCF80070BE4201D090421AD994
:20576000121A93420BD800232B60012500F010FB2846F8BD002500F00BFB2846F8BDDCF841
:2057800000009B1A0A682B60C4E90002002500F0FFFA2846F8BD012500F0FAFA2846F8BD4A
:2057A000507000200C700020014B01221A60704754700020084B186860B9084B1B6853B91B
:2057C000074A084B10681B68013B984214BF012002207047002070471070002054700020EC
:2057E00028700020C46F0020054B1B6833B1054B1B68002B0CBF022000207047012070474D
:2058000024700020D06F002018B3F8B51C4CC36A2268D26A934214D28269002A04DB226869
:20582000D26AC2F105028261164D426903EB830305EB83039A420DD02368DB6AC3620120C8
:20584000F8BD2368406CDB6A98422CBF00200120F8BD7047061D0746304601F00DF822683F
:20586000094BD06A1A68F862904200D9186000EB800005EB8000314600F0D4FF0120F8BDB0
:20588000546F0020606F0020D86F002050B138B5C16A836C426C013B9142836400D01BB187
:2058A000002038BD00207047051D0446284600F0E3FF0A4A636C1168E362C3F105008B42E9
:2058C000A061074888BF136003EB830300EB8300294600F0A7FF012038BD00BFD86F00209B
:2058E000606F002048B1426CC36A914238BF11468B4202D0826C012A00D07047826970B575
:20590000114DC162002A03EB83034269A8BFC1F1050105EB8303A8BF81619A4200D070BD06
:20592000061D0446304600F0A7FF084BE06A1A68904288BF186000EB800005EB80003146EC
:20594000BDE8704000F06EBF606F0020D86F0020044B1A681AB119688A6C01328A641868CB
:20596000704700BF546F00202DE9F04FAD4EDFF8C482AD4D89B033681C68002C00F08E80E5
:20598000DB681C68FFF7AAFBFFF7B0FBD8F80030984207465DD38442C8F8000040F20B8169
:2059A0000022E11B2868FFF757F9FFF73DFC88B99E4A4FF08053536040BFBFF34F8FBFF395
:2059C0006F8F07E0019B039920469847009B002B80F23881286800226946FEF7EDFD00280C
:2059E000C9D0009B029C002BECDB636913B1201D00F042FFFFF77AFBD8F8003098428146D9
:205A000043D3009BC8F80090092BE3D8012202FA03F313F4047F69D113F0C70F40F0A18093
:205A20009B06D7D594F82C30002BD3D1204600F079FFCFE7DB68DC68D3F800A004F10409EA
:205A4000484600F019FF636A20469847E369012B36D033681A68002AECD17549C8F800702E
:205A60000A6832600B60FFF7DFFBB3E7DB68DF68D3F800B007F1040A504600F0FDFE7B6ADC
:205A800038469847FB69012B25D033681A68002AECD167490A6832600B60B2E7FFF71EFB59
:205AA000FFF724FBD8F8003083420746D1D8604BC8F800701B681A68B2FA82F2520970E764
:205AC000A36953449A45494622D263602461306800F0B8FEBDE7BB695B449B45514627D264
:205AE0007B603F61306800F0ADFECEE7019B246103EB09024A45A36162602CD8002B3FF472
:205B000069AF4B4B211D186800F09CFE286862E72B68002B9DD00023CDE9043A0694FFF7E4
:205B200063FE00231A4604A92868FEF7BBFA90E72B68002BA9D00023CDE9043B0697FFF741
:205B400053FE00231A4604A92868FEF7ABFA9CE74B4500D998B13068211D00F073FE28689E
:205B600039E7019BA269246199182CBF0120002049456160ECD8A9EB03039A42C1D8636A0D
:205B800020469847E369012B7FF424AF019BA2692868134400283FF41EAF0022CDE904234D
:205BA0000694FFF721FE00231A4604A92868FEF779FA28680FE7FFF737FB3368DB68D3F8B7
:205BC0000C9009F1040A504600F056FED9F81C30012B04D0D9F8243048469847FAE6D9F8E7
:205BE0001830C9F81090E218BA42C9F8042004D95146306800F026FEECE73F1BBB421BD8E4
:205C00002B68002BE6D00023CDE90434CDF81890FFF7EAFD00231A4604A92868FEF742FAC4
:205C2000D8E700BF58700020DC72002000ED00E05C70002088720020034B5146186800F068
:205C400001FEC7E7029CD0E65C700020F0B5204C89B000F093F82568FDB100F099F820684E
:205C6000C8B1002407AA06A905A8CDE9054400F059FCDDE905300221CDE90010079A02931C
:205C8000144915482346FFF7DFF8144A0346001B18BF0120136009B0F0BD114F114E384644
:205CA00000F0B0FD304600F0ADFD0F4A0F4900950F4B17600E600F4A10212020FEF780F97A
:205CC00020600028C9D00C49FEF7B4FFC5E700BFDC7200209493090069590900E072002040
:205CE0006072002074720020587000205C7000208C720020607000208C930900402383F3C9
:205D00001188FEE730B46FF002034FF08075074C40F8045C40F80C4C40F8081C40F8202C2E
:205D200040F8243C30BC4438704700BFFD5C09000F4C08B5E02384F8223000F077F80D4BEB
:205D40000D4A00211960D4F8883043F47003C4F88830536843F040435360236943F01003BA
:205D6000236100F04FF9402383F31188FEE700BF00ED00E0E472002030EF00E0402383F336
:205D80001188024A1368013313607047E4720020034A1368013B13600BB983F311887047CE
:205DA000E472002041DF704712DF704770B51B4B00251D6082B01B680193019BEFF3118663
:205DC000402383F31188164A164BD2F804451D601B680093009BFFF789F9241A24F07F44C2
:205DE000012C0DD844B1FFF78FF9054625B10E4B4FF080525A6040BF86F3118802B070BDE9
:205E0000FFF7F2FC0228EED1013CFFF77DF9013C631C45EA0005F8D1E8E700BF4011014033
:205E2000001001400011014000ED00E00B4B0C4930B41F200B4DC3F8080501220224E020BB
:205E4000C3F804232A601A60C3F8444381F811034FF400330B6030BC704700BF00100140F9
:205E600000E100E0081001402DE9F041804684B0EFF3108272B6584CA36883B9574B5848FE
:205E80000121A160D3F8801001402160C3F88000D3F8841061604FF0FF31C3F8841002B9EE
:205EA00062B6504ED6F80475FFF784FC00283DD04D4A4E49424528BF4246BB1823F07F436E
:205EC00001200025C6F80803C6F840350D600B6801934FF480330199C6F80433BFF34F8FF7
:205EE000B8F1000F54D13F4B404D41494FF48030C3F80803002028602D680395039D08608E
:205F00000968029101210298C3F80413D3F804353249DB1B23F07F45954228BF15464FF447
:205F20000033012DC1F8803111D827D0A3685BB1EFF3108372B6294A21681160616851601B
:205F40000022A26003B962B604B0BDE8F081681EFFF7D2F8274BDB68DA010FD5264A1368DA
:205F6000DB070BD5254B516803FB05F5A5F57425A5F51075AD0A01EB85155560FFF7C4F848
:205F80000028D3D01E4B4FF080525A6040BFCDE7F1EE103A23F09F03E1EE103AF1EE103A2F
:205FA0000E4B04A84FF480614026C3F88461C3F8841100F8045DFFF7F7FE9DF80C1039B97B
:205FC00020BFD3F80001D3F804110143F8D08AE7FFF7E8FE87E700BFCC7B002000E100E088
:205FE000FC06FFBD00100140FDFFFF004011014000110140F0ED00E0001000E040420F0075
:2060000000ED00E00748006880F3088862B661B6BFF34F8FBFF36F8F4FF0E00080F311885F
:2060200000DF00BF00F00800064B19680868B0E8F04F80F30988BFF36F8F4FF0000080F34B
:2060400011887047546F0020EFF30980BFF36F8F144B1A681EF0100F08BF20ED108A20E96D
:20606000F04F10604DF8043D4FF0400080F31188BFF34F8FBFF36F8FFFF72EFA4FF00000C3
:2060800080F3118808BC19680868B0E8F04F1EF0100F08BFB0EC108A80F30988BFF36F8F8A
:2060A000704700BF546F0020704700BF0A490B4A0B4B9B1A03DD043BC858D050FBDC0948D7
:2060C00009494FF0AD32026004300439FBD100F029F9F9F7BDF800006C960900006000206F
:2060E000F062002000F8032000080000FEE7FEE7FEE7FEE7FEE7FEE7FEE7FEE7FEE7FEE719
:2061000008B50020F9F7DEF8FDF740FE0E4B43B10E4B7BB1FDF796FE00F0E2F9AFF3008063
:20612000F8E7FDF78FFE00F0DBF9FDF78BFE00F0D7F9F6E7FDF786FE00F0D2F9FDF782FE7A
:2061400000F0CEF9F6E700BF000000000000000000B583B000F06EFA00F0F2FB0E4B0193E2
:2061600001234FF480620D4900930D480023FEF7D5FE4FF4407000F027FAFEF749FFBFF3BA
:206180004F8F0849084BCA6802F4E0621343CB60BFF34F8F00BFFDE7E87200209C930900AD
:2061A0000161090000ED00E00400FA05114B1A78EAB90178104810B40A464FF0804402F039
:2061C0000102C1F34001C4F88015C4F878250268D20706D4E021012280F80013C0F88021F8
:2061E0000260012205481A705DF8044B70470448704700BFC87B002000E100E00000AD0B4A
:206200000C00AD0B0268074B4FF0804010B400214FF46074C0F80843196002B11A605DF805
:20622000044B7047F47200204FF080434FF46072C3F80423704700BF10B54FF0804386B066
:20624000D3F80443620705D5D3F8082103F58473002A4ED1A30603D52A4B1A68002A3FD10B
:20626000600603D5284B1A68002A2FD1210602D5264B1A680ABBE20502D5254B1A6892B910
:20628000A3050ED5234B1A685AB100221A601A68214B0592059A1B68022006B0BDE8104068
:2062A000184706B010BD00221A601B4A1B68049301201368049A9847E2E700201860164A07
:2062C0001B6803931368039A9847D4E700221A60124A1B68029301201368029A9847C5E720
:2062E000002018600D4A1B6801931368019A9847B6E700221A600A4A1B6800931368009AEB
:206300009847A7E714010040180100401C0100402001004024010040F4720020F072002037
:20632000EC720020604B1B6830B45C1C37D05F4A082B126800F08F805B4B5C4A1B681268B0
:20634000082B15D0591C23D0584A1268082B12D0574AD2F8883043F47003C2F88830BFF39B
:206360004F8FBFF36F8F534B534A1A6030BC7047002A00F08280032AEAD84FF08043D3F85F
:206380000024D20744BF6FF00102C3F80024DFE74A4A4B4B12681B78C2F30312D6E7484AA6
:2063A000464B12781B68082AC3F3031301D1032B53D9424A424B12681B78C2F30312082BF2
:2063C000BAD1032AB8D84FF080523E4BD2F80414C3F82015D2F80814C3F82415D2F80C1445
:2063E000C3F82815D2F81014C3F82C15D2F81414C3F83015D2F81814C3F83415D2F81C14D5
:20640000C3F84015D2F82014C3F84415D2F82414C3F84815D2F82814C3F84C15D2F82C1414
:20642000C3F85015D2F83014C3F85415D2F83414C3F86015D2F83814C3F86415D2F83C1464
:20644000C3F86815D2F84014C3F86C15D2F84424C3F8702570E7032A0CD8134B1B684FF0A0
:2064600080420021581CC2F80C11C2F81011C2F838159ED00D4A1268A1E7134C1349144D29
:2064800025601448144AFB24C1F8184501681268124C21F00F0102F00F020A434FF4007122
:2064A0000260216050E700BF300100103401001000ED00E00C6100200090D003E80F00F0D9
:2064C000E00F00F000C000408C56004000F0004048810300E40E004058020010409602400B
:2064E00008B5F8F7F5FE054B4FF080525A6040BFBFF34F8FBFF36F8F08BD00BF00ED00E052
:20650000704700BF704700BF044B036010B46423034C0C6013605DF8044B7047F87200207F
:206520004C730020054B036010B44FF48073044C0C6013605DF8044B704700BFDC74002016
:206540003075002070B51F4C84B04FF0FF3203A92068FEF731F80028F7D00398037A45683C
:20656000052B0DD8DFE803F0272A221C1503D0E90361D0E90523C06900903046A8470398EE
:2065800003681BB1184600F0A5F9039800F0A2F9DBE7D0E90523D0E90301A8470398EFE7F2
:2065A000D0E90412C068A8470398E9E7D0E90301A8470398E4E7A8470398E1E7C068A8470F
:2065C0000398DDE73479002030B540230B4D83B004460022184604212B60FDF721FD084BDD
:2065E000084918600223CDE90031A2B2002306490648FEF793FC03B030BD00BF3079002006
:206600003479002038790020A493090045650900BFF34F8F0549064BCA6802F4E0621343FA
:20662000CB60BFF34F8F00BFFDE700BF00ED00E00400FA054FF08043194AD3F800141948C8
:2066400030B41160D3F80054D3F80024164C17492A43C3F80024D4F84025026001224FF4D0
:206660000030C3F818259A60C1F88000BFF34F8FBFF36F8F0E4C03F588334FF0A0454FF40B
:2066800080304FF0FF31C3F84803C3F808035A609A60C5F80815C4F8081530BC704700BF46
:2066A0003C7900204079002000A0004000E100E00003005008B54FF080434E22C3F81C250D
:2066C000FFF7A6FF20281BD83C4B53F820301F2B86BF03F01F033A4A4FF0A0420E290FD85B
:2066E000DFE801F0655F59534D474039322B241D160F080003F5E07340F2037142F823103C
:20670000704703F5E07340F2036142F82310704703F5E07340F2035142F82310704703F5D0
:20672000E07340F2034142F82310704703F5E07340F2033142F82310704703F5E07340F21A
:20674000032142F82310704703F5E07340F2031142F82310704703F5E0734FF4403142F803
:206760002310704703F5E0734FF4003142F82310704703F5E073134942F82310704703F589
:20678000E073114942F82310704703F5E073042142F82310704703F5E0730C2142F82310AF
:2067A000704703F5E073032142F82310704703F5E073002142F82310704700BFB0930900F4
:2067C00000030050040002000C000300202811D80A4B53F820301F2B88BF03F01F034FF04B
:2067E00001028CBF06484FF0A04002FA03F311B1C0F808357047C0F80C357047B093090082
:206800000003005000F108034FF0FF310022816002604360C0E90333704700BF00230361D6
:20682000704700BF4368026810B49C688C609C684B600132616099605DF8044B086102600E
:20684000704700BF30B40D686B1C11D000F1080200E01A4653681C68AC42FAD904684B60AF
:20686000013499608A6051600861046030BC704702695368F2E700BF42688168036910B45E
:20688000916081685C684A601A68844208BF5960013A002101611A6018685DF8044B7047D5
:2068A00010B50446FEF7A0FF022804D02046BDE8104000F021BAFEF711FC204600F01CFAA3
:2068C0000446FEF7B1FC0CB1204610BDFFF71AFEFAE700BF10B50446FEF786FF02280AD1A0
:2068E00044B1FEF7FBFB204600F00EFABDE81040FEF79ABC10BD2046BDE8104000F004BA44
:2069000010B50446FEF7EAFB204600F0F5F90446FEF78AFC0CB1204610BDFFF7F3FD204649
:2069200010BD00BF50B110B50446FEF7D7FB204600F0EAF9BDE81040FEF776BC704700BF29
:2069400008B501211920FFF7BDFE01211920FFF73DFF01210B20FFF7B5FE01211920FFF79A
:2069600035FF01210D20FFF7ADFE01210D20FFF72DFF01210C20FFF7A5FE01210C20BDE8A8
:206980000840FFF723BF00BF53B94AB9002908BF00281CBF4FF0FF314FF0FF3000F072B91E
:2069A000ADF1080C6DE904CE00F006F8DDF804E0DDE9022304B070472DE9F047089E0446C3
:2069C0008846002B4BD18A42154667D9B2FA82F24AB1C2F1200701FA02F320FA07F7954069
:2069E00047EA030894404FEA154E230CB8FBFEF71FFA85FC0EFB178843EA084307FB0CF15B
:206A0000994209D9EB1807F1FF3080F01B81994240F21881023F2B445B1AA4B2B3FBFEF0C6
:206A20000EFB103344EA034400FB0CFCA44509D92C1900F1FF3380F00781A44540F20481C7
:206A400002382C4440EA0740A4EB0C0400271EB1D4400023C6E900433946BDE8F0878B42F5
:206A600009D9002E00F0EB800027C6E9000138463946BDE8F087B3FA83F7002F47D18B4280
:206A800002D3824200F2FA80841A61EB030301209846002EE0D0C6E90048DDE702B9FFDED1
:206AA000B2FA82F2002A40F08F80491B4FEA154E1FFA85F80127B1FBFEFC230C0EFB1C1184
:206AC00043EA014308FB0CF1994207D9EB180CF1FF3002D2994200F2CD808446591AA3B2DB
:206AE000B1FBFEF00EFB101443EA044408FB00F8A04507D92C1900F1FF3302D2A04500F287
:206B0000B6801846A4EB080440EA0C409FE7C7F1200CBB4022FA0CFE4EEA030E01FA07F406
:206B200020FA0CF521FA0CF34FEA1E482543B3FBF8F92C0C08FB19331FFA8EFA44EA0343DE
:206B400009FB0AF49C4202FA07F200FA07F10BD91EEB030309F1FF3080F087809C4240F2CB
:206B60008480A9F1020973441B1BADB2B3FBF8F008FB103345EA034400FB0AFAA24508D907
:206B80001EEB040400F1FF336BD2A24569D90238744440EA0940A0FB0289A4EB0A044C45A2
:206BA000C2464B4654D351D0002E69D0B1EB0A0564EB030404FA0CFCFD40FC404CEA0505CD
:206BC000C6E90054002747E7C2F1200320FA03F7954001FA02F021FA03F34FEA154E384389
:206BE000010CB3FBFEF71FFA85F80EFB173341EA034107FB08F38B4204FA02F407D969186E
:206C000007F1FF3C2FD28B422DD9023F2944CB1A81B2B3FBFEF00EFB103341EA034100FB55
:206C200008F38B4207D9691800F1FF3C17D28B4215D902382944C91A40EA07473BE73746BA
:206C4000304609E70746E7E61846FBE64145ABD2B8EB020A69EB0E0201381346A4E760469C
:206C6000E9E7184695E76746D1E781467CE702382C4447E7ACF1020C2B442FE7384608E766
:206C80003746E9E6704700BF08B5074B044613B10021AFF30080054B1868836A03B1984782
:206CA000204602F071FA00BF000000003494090070B50D4E0D4CA41BA4100025A54209D14F
:206CC0000B4E0C4C02F062FAA41BA4100025A54205D170BD56F8253098470135EEE756F858
:206CE000253098470135F2E7E0620020E0620020E0620020EC620020024B0146186800F0B9
:206D000085B800BF10610020024B0146186800F02FB800BF1061002010B5431E0A44914264
:206D200000D110BD11F8014B03F8014FF7E7884210B501EB020307D8421E99420AD011F8BA
:206D4000014B02F8014FF8E78342F5D98118D21AD34200D110BD13F8014D01F8014DF7E775
:206D600002440346934200D1704703F8011BF9E738B50546002945D051F8043C0C1F002BDB
:206D8000B8BFE41801F052FA1F4A1368104633B9636014602846BDE8384001F048BAA34283
:206DA0000CD921686218934204BF1A685B68636004BF521822600460ECE713465A680AB18F
:206DC000A242FAD919685818A0420BD120680144581882421960DDD1106852685A600144F4
:206DE0001960D7E702D90C232B60D3E7206821188A4204BF11685268626004BF0918216063
:206E00005C60C7E738BD00BF4479002070B5CD1C25F0030508350C2D38BF0C25002D064635
:206E200001DBA94203D90C233360002070BD01F0FDF9214A1468214691B9204C23681BB956
:206E4000304600F087FB20602946304600F082FB431C24D10C233360304601F0E8F9E4E74F
:206E60000B685B1B18D40B2B0FD90B60CD50CC18304601F0DCF904F10B00231D20F0070020
:206E8000C31AD3D05A42E250D0E78C424B6816BF636013600C46EBE70C464968CCE7C41CA7
:206EA00024F00304A04205D0211A304600F052FB0130CFD02560DBE744790020487900203D
:206EC0002DE9FF4755EC104B0D9FDDF830A0002D0E4691461946B8BF22462B4627F0200724
:206EE000BBBF05F100431D4600232D23B8BF1446462F0B7004D0452F00D10136022100E0F5
:206F0000032103AB019302AB00933246534645EC104B00F0C5FB472F804602D119F0010F56
:206F200026D0462F08EB060911D198F80030302B0AD1002200232046294602F0A7F818B990
:206F4000C6F10106CAF80060DAF800309944002200232046294602F099F838B93022039BF4
:206F60004B4505D2591C03911A70F8E7CDF80C90039B0E9AA3EB08034046136004B0BDE8A6
:206F8000F087F7B500290446BABF49422D232B23092904F8022B437020DD0DF107031F4641
:206FA0000A2691FBF6F506FB15113031092D03F8011C03F1FF32294609DC3031023B02F843
:206FC000011CBB42224604D3101A03B0F0BD1346E7E713F8012B04F8012BF2E730231944BF
:206FE0008370021DC170EFE72DE9F04F8DB00C46DDF8588016461F46054601F009F903687D
:207000000493184600F0B6FA00230A93D8F800300590073323F0070303F1080294F818A0ED
:20702000D4F800B0C8F80020D3E90023C4E91223D4E9128929F000430793CDF818804FF049
:20704000FF32A74BDDE9060102F052F870BB4FF0FF32A34BDDE9060102F02CF830BB00228B
:2070600000234046494602F01BF810B12D2384F843309C4A9C4BBAF1470F8CBF9046984606
:2070800003232BF00402236122604FF00009009733460BAA2146284600F0E6F9013040F091
:2070A0008D804FF0FF300DB0BDE8F08F42464B464046494602F01CF810B18C4A8C4BDAE711
:2070C00061684B1C4BF480620AA83ED1062363600023CDE9020309AB009349EC108B0DF1BF
:2070E00023032260CDF804A061682846FFF7E8FE0AF0DF03472B804609D1099BD81C02DB09
:207100006268934247DDAAF1020A5FFA8AFABAF1650F099924D80139524604F150000991BA
:20712000FFF72FFF0A9A1318012A8146236102DC2268D10701D5013323619DF82330002B05
:20714000A5D02D2384F84330A1E7BAF1670F00F07781BAF1470FBBD10029B9D10123B6E7E9
:20716000BAF1660F19D1002963680CDD216113B92268D20702D501330B442361099BA365ED
:207180004FF00009D9E713B92268D00701D50233F3E70123F1E74FF0670ADDE90932934253
:2071A00005DB22682361D107E8D50133E5E7002BD4BFC3F1020301231344DEE723685A05AB
:2071C00007D42369424631462846B84701302BD167E7BAF1650F40F2DC8000220023D4E9B2
:2071E000120101F053FF002833D00123414A31462846B84701303FF454AFDDE909239A4246
:2072000002DB2368D8070FD5DDE9042331462846B84701303FF445AF4FF0000804F11A09BB
:207220000A9B013B434509DC23689B0700F10381E0680B9B9842B8BF184634E701234A46F2
:2072400031462846B84701303FF42BAF08F10108E6E7099B002B2BDC0123264A31462846EE
:20726000B84701303FF41DAF099B23B90A9B13B92368D907D8D5DDE9042331462846B84705
:2072800001303FF40EAF4FF0000904F11A0A099B5B424B4501DC0A9B94E70123524631466B
:2072A0002846B84701303FF4FCAE09F10109EEE70A9AA36D9A42A8BF1A46002A914607DD3E
:2072C0001346314642462846B84701303FF4E9AE04F11A034FF0000B29EAE979069315E08F
:2072E000FFFFEF7F3C940900389409004494090040940900489409000123069A3146284628
:20730000B84701303FF4CDAE0BF1010BD4F858A0AAEB09035B45EFDCDDE909239A42D044D5
:2073200015DB2368DA0712D40A9B0999A3EB0A02A3EB010A9245A8BF9246BAF1000F0EDCD7
:207340004FF000082AEAEA7A04F11A0919E0DDE9042331462846B8470130E5D1A1E6534685
:20736000424631462846B8470130E9D199E601234A4631462846B84701303FF492AE08F102
:207380000108DDE909239B1AA3EB0A034345EEDC4AE70A9A012A01DCDB073AD501234246D6
:2073A00031462846B84701303FF47BAEDDE9042331462846B847013008F101083FF471AE06
:2073C0000A9B002203F1FF3AD4E91201002301F05DFEC8B95346424631462846B8470130C3
:2073E0000ED15EE60123524631462846B84701303FF457AE08F101080A9B013B4345F1DC29
:207400004B4604F15002DEE64FF0000804F11A0AF2E70123DFE701234A4631462846B84715
:2074200001303FF43EAE08F10108E3680B9A9B1A4345F0DCFCE64FF0000804F11909F4E7E6
:2074400000293FF48BAE0023CDE9020309AB009349EC108B2260CDF804A00DF12303284625
:20746000FFF72EFD804648E62DE9F04791461F468A680B69DDF820809342B8BF1346C9F82D
:20748000003091F8432006460C4612B10133C9F800302368990642BFD9F800300233C9F828
:2074A0000030256815F0060507D104F1190AE368D9F800209B1AAB4228DC94F843302268A4
:2074C000003318BF012392062DD404F1430239463046C047013020D02368E568D9F80020C5
:2074E00003F00603042B08BFAD1AA36822690CBF25EAE57500259342C4BF9B1AED184FF093
:2075000000091A344D451AD1002008E00123524639463046C047013003D14FF0FF30BDE8BF
:20752000F0870135C3E7E1185A1C302081F84300224494F8451082F843100233C5E7012360
:20754000224639463046C0470130E6D009F10109D8E7000038B5064C00230546084623609F
:2075600001F004FE431C02D1236803B12B6038BDD87B0020034613F8012B002AFBD1181A0C
:20758000013870472DE9F74F03690C69A3428046C0F28280013C01F114074FEA840C00F15B
:2075A000140657F8245056F8240006EB0C03013507EB0C090193B0FBF5F595B34FF0000A85
:2075C0003846B646D34650F8042B93B205FB03A34FEA134A9BB2ABEB0303120CDEF800B093
:2075E00005FB02A213FA8BF34FEA124A1FFA82FBDEF80020CBEB124202EB23429BB243EA65
:20760000024381454FEA224B4EF8043BDBD256F80C3033B9019B043B9E421A4630D3C8F833
:207620001040404601F01AF8002825DB013530464FF0000C57F8042BD0F800E093B2ACEB50
:207640000303120C13FA8EF3C2EB1E4202EB23429BB243EA0243B9454FEA224C40F8043B3E
:20766000E8D256F8242006EB84032AB9043B9E421A460BD3C8F81040284603B0BDE8F08FB1
:207680001268043B002ACAD1013CC5E71268043B002AEFD1013CEAE70020EEE700000000DD
:2076A0002DE9F04F57EC106B97B0456A069104460B921293DDF88080CDE900673DB9102086
:2076C000FFF7EEF86062C0E901550560C560636A196851B15A684A60012393408B6020467F
:2076E00000F0DAFD636A00221A603B1EBBBF23F00043019300230122ACBFC8F80030C8F83C
:207700000020AF4BDDF8048033EA080314D1129A42F20F731360009B23B9C8F313000028A7
:2077200000F04285219BDFF8ACB2002B00F044850BF1030300F03EBDDDE90067002200235E
:207740003046394601F0A2FC814668B1129A01231360219B002B00F024859A4B219A03F16E
:20776000FF3B136000F028BD14AA15A947EC106B204600F0EAFFC8F30A550490002D7CD0F7
:20778000C7F3130343F07F5BB2464BF4401BA5F2FF35CDF84C9000228B4B5046594601F0F0
:2077A00055F881A3D3E9002301F008FA80A3D3E9002301F04DF8064628460F4601F094F9C1
:2077C0007DA3D3E9002301F0F9F902460B463046394601F03DF806460F4601F09FFC0022C4
:2077E000824600233046394601F05AFC48B1504601F07AF932463B4601F048FC08B90AF185
:20780000FF3ABAF1160F59D8704901EBCA01DDE90023D1E9000101F061FC002850D00AF189
:20782000FF3A00230F93149B5D1BB5F1010849BFC5F10103002305934FF0000858BF059301
:20784000BAF1000F3EDB0023D044CDF838A00793069B092B00F29080052BC4BF043B069385
:20786000069BA3F10203CCBF00250125032B00F28F80DFE803F07D7F3171DDE914531D44E3
:2078800005F23240202813DDC0F14000009B08FA00F805F2124023FA00F048EA000001F048
:2078A00013F901238246A1F1F87B013D139372E7009BC0F1200003FA00F0F0E70123B1E7A2
:2078C0000F90B0E7059BA3EB0A030593CAF10003079300230E93BBE701230A930B9B002B4F
:2078E00059DD02939946666A00227260042202F114009842716853D9204600F099FC636A56
:207900003060B9F10E0FD3F800B000F2E680002D00F0E3809DED007BBAF1000F8DED107BF9
:2079200074DD2A4A0AF00F0302EBC30393ED007B4FEA2A16F0068DED087B65D5244BDDE9ED
:207940001001D3E9082301F063FACDE9000106F00F0603251E4F4CE001230A930B9B534460
:2079600003F1010902934B46012BB8BF0123BAE70023B2E70023F0E70125002306930A9544
:207980004FF0FF3302939946002212230B92AAE701230A93F4E70123029399461A46F5E70D
:2079A000013171605200A2E761436F63A787D23FB3C8608B288AC63FFB799F501344D33F4B
:2079C0000000F07F499409000000F83F809409005894090053940900F10708D5DDE9080175
:2079E000D7E9002301F0EAF8CDE90801013576100837002EF0D1DDE90823DDE9000101F07F
:207A000007FACDE900011AE00225A3E700F0A080CAF100069F4BA04F06F00F0203EBC2039F
:207A2000D3E90023DDE9100101F0C8F8CDE90001361100230225002E7FD1002BE1D10F9B92
:207A4000002B00F08780DDE900670022934B3046394601F025FB00287CD0B9F1000F79D05B
:207A6000029B002B35DD0AF1FF330893394600228B4B304601F0A2F8CDE90001029F01355E
:207A8000284601F031F8DDE9002301F097F80022844B00F0DDFE0546A1F15076002F5DD139
:207AA0000022814BDDE9000100F0D0FE2A463346CDE9000101F012FB002840F088822A46E3
:207AC00006F10043DDE9000101F0EAFA002840F07C82DDE91023CDE90023159B002BC0F21B
:207AE0005081BAF10E0F00F34C816A4B03EBCA0393ED007B0B9B002B8DED027B80F2D88030
:207B0000B9F1000F00F3D48040F05E820022664B51EC170B01F052F8DDE9002301F0D4FA40
:207B20004F464E46002840F0348231230BF101058BF800300AF1010A2FE2F20705D5D7E95B
:207B4000002301F03BF8013501237610083772E7022574E7CDF820A04F4691E74D4B03EBCC
:207B6000C70353E902010A9B002B47D002460B4600204E4901F04CF92A46334600F066FE52
:207B8000CDE90C015D46DDE9000101F0C7FA064600F0AAFF02460B46DDE9000100F056FE7D
:207BA000303605F8016BDDE90C23CDE9000101F077FA002863D1DDE900230020374900F013
:207BC00045FEDDE90C2301F06BFA002840F0B780A5EB0B039F427FF77CAF0022304BDDE905
:207BE0000C0100F0EBFF0022CDE90C012C4BDDE9000100F0E3FFCDE90001C4E72A4633465E
:207C000000F0DCFFCDE90C010BEB07055E46DDE9000101F083FA074600F066FF30370246AA
:207C20000B46DDE9000100F011FE06F8017BAE42CDE900014FF0000226D11C4BDDE90C019A
:207C400000F006FE02460B46DDE9000101F046FA002874D1DDE90C230020144900F0F6FDDD
:207C600002460B46DDE9000101F01AFA00283FF430AF15F8013C302B05F1FF3202D0DDF8F2
:207C800020A04AE01546F4E7054B00F097FFCDE90001BCE780940900589409000000F03F53
:207CA0000000244000001C40000014400000E03FDDE900675D46DDE902233046394601F0F0
:207CC000A7F801F02BFA804600F00EFFDDE9022300F074FF02460B463046394608F1300621
:207CE00000F0B4FD05F8016BA5EB0B06B14502460B4639D100F0ACFDDDE9022306460F461B
:207D000001F0ECF9C8B9DDE902233046394601F0BDF910B118F0010F0FD10499204600F0D9
:207D2000BBFA0023129A2B700AF101031360219B002B00F041821D603EE2CDF820A015F8E9
:207D4000012C392A05F1FF3308D19B450AD1089B0133089330238BF800305B461A780132F9
:207D60001A708CE71D46EAE700229B4B00F026FF0022002306460F4601F088F900289AD0CB
:207D8000CBE70A9A002A00F08B80069A012A6EDC139A002A67D003F23343079F059D059AF3
:207DA00001211A4420460592984400F015FB0646002D0CDDB8F1000F09DD4545059A2B46D0
:207DC000A8BF4346D21A0592ED1AA8EB0308079BEBB10A9B002B67D08FB131463A462046A9
:207DE00000F09AFB049A01460646204600F0FDFA04990890204600F04FFA089B0493079BD0
:207E0000DA1B04D00499204600F086FB04900121204600F0E1FA0E9B0746002B00F0D081DC
:207E20001A460146204600F077FB069B012B074640DC009B002B39D1019BC3F31303002B3A
:207E400036D1019B23F000431B0D1B052BB1059B0133059308F10108012307930E9B002B05
:207E60002AD1012030E0149BC3F1360395E7079B09F1FF37BB42BFBF079B0797FA1A0E9B74
:207E8000BBBF9B180E93DF1B0027B9F1000FB5BF059B059DA3EB09054B46B8BF00237EE758
:207EA000079F059D0A9E83E7079AABE70023D4E7009BD2E7002307933B6907EB83031869A9
:207EC00000F03CFAC0F12000404410F01F0047D0C0F12003042B3BDD059BC0F11C00034422
:207EE000059305448044059B002B05DD1A460499204600F05FFB0490B8F1000F05DD3946D6
:207F00004246204600F056FB07460F9B53B33946049800F0A3FB002824DA00230A2204997A
:207F2000204600F0D0F90A9B04900AF1FF3A002B00F04D81002331460A22204600F0C3F9F4
:207F4000029B002B06464FDC069B022B4CDD11E0C9D0059A1C331A4405921D449844C2E798
:207F60000346F6E7B9F1000F38DC069B022B35DDCDF80890029B63B939460522204600F01C
:207F8000A2F901460746049800F068FB00283FF7CCAD0B9B5D466FEA030A4FF00009394676
:207FA000204600F079F9002E3FF4B7AEB9F1000F05D0B14503D04946204600F06DF931461A
:207FC000204600F069F9A8E600273E46E1E7DDF820A03E46A9E500BF000024400A9BCDF8B4
:207FE0000890002B00F0FA80002D05DD31462A46204600F0DFFA0646079B002B4CD0716821
:20800000204600F015F9326902320546920006F10C010C30FEF780FE01222946204600F0B5
:20802000C9FA009BCDF814B003F00103B1460793064639460498FFF7A5FA4946054600F10A
:208040003008049800F00AFB324600903946204600F01EFBC368024603BB014608900498B5
:2080600000F0FCFA089A034611462046089300F013F9089BA3B9069A92B9079A82B9B8F16C
:20808000390F29D0009B002B01DD05F13108059B5D1C83F8008082E73046C2E70123E3E742
:2080A000009A002A04DB25D1069A1ABB079A0ABB002BECDD01220499204600F07BFA39464E
:2080C000049000F0CBFA002803DCE0D118F0010FDDD0B8F1390FD8D1059B059A5D1C39232C
:2080E000137015F8013C392B05F1FF324FD00133137054E7059A002B02F1010506DDB8F1C8
:20810000390FE9D008F10108059BC2E7029A05F8018CA5EB0B03934221D000230A2204999D
:20812000204600F0D0F8B14504904FF000034FF00A024946204605D100F0C5F8814606467F
:20814000059576E700F0BFF83146814600230A22204600F0B8F80646F2E74FF0000901225E
:208160000499204600F026FA3946049000F076FA0028B6DC02D118F0010FB2D115F8013C07
:20818000302B05F1FF327FF40AAF1546F6E7934505D131230AF1010A8BF80030FFE61546FE
:2081A0009FE7DFF864B007E0219BDFF860B01BB10BF10803219A1360584617B0BDE8F08F3A
:2081C000069B012B7FF735AE0E9B079349E6029B002B03DC069B022B3FF7CCAE5D463946C0
:2081E0000498FFF7CFF900F1300805F8018B029AA5EB0B039A42B0DD00230A22049920467E
:2082000000F061F80490EAE7489409004A940900044B1B68186A044B002808BF1846F030D4
:20822000704700BF10610020746100207047704770B5456A04460E463DB91020FEF730FB1C
:208240006062C0E901550560C560656AEB6883B1636ADB6853F82600B8B9012101FA06F573
:208260006A1D9200204600F0BFFA60B1C0E901650EE021220421204600F0B6FA636AE86045
:20828000DB68002BE4D1002070BD026843F826200023C0E90333F7E770B5446A06460D4631
:2082A0003CB91020FEF7FCFA7062C0E901440460C4603DB1736A6A68DB6853F82210296080
:2082C00043F8225070BD2DE9F0410D691F4606460C4601F1140C0023DCF8000081B202FBCB
:2082E00001710F0C000C02FB007089B2013301EB00419D424FEA10474CF8041BECDCD7B1BA
:20830000A368AB4212DC616830460131FFF790FF2269023204F10C01804692000C30FEF737
:20832000FBFC21463046FFF7B7FF444604EB850301355F6125612046BDE8F081020C1204A0
:208340000346B2B90304102013F07F4F04BF1B02083013F0704F04BF1B01043013F0404FE2
:2083600004BF9B000230002B06DB5B0003D5013070470020E8E720207047036813F00702E9
:2083800001460BD0DA0723D4980749BF5B089B0801200B605CBF0B600220704798B2A8B9A0
:2083A0001B0C102013F0FF0F04BF1B0A08301A0704BF1B0904309A0704BF9B080230DA07DF
:2083C00002D45B0806D001300B6070471046E9E7002070472020704710B50C460121FFF718
:2083E00027FF01224461026110BD2DE9F74F14460A6923699A42B8BF0B468846BCBFA046D7
:208400001C46D8F81070D4F81090D8F80830D8F8041007EB0906B342B8BF0131FFF708FFB6
:2084200000F1140505EB860E2B460022734516D304F1140208F1140102EB890301EB87076E
:208440000093009B019293420CD8002E03DD5EF8043D002B5DD0066103B0BDE8F08F43F82C
:20846000042BE3E7B2F800B0BBF1000F23D08946AC464FF0000859F8044BDCF800A0A3B28A
:208480001FFA8AFA0BFB03A34FEA144ADCF8004043444FEA14480BFB0A8404EB1344E246CA
:2084A0009BB243EA04434F454FEA14484AF8043B2BD8CCF80480019BB3F802A00432BAF13C
:2084C000000F20D02B688946A8464FF0000BB9F800C0B8F802400AFB0C445C44C4469BB254
:2084E00043EA04434CF8043B59F8043BB8F804B01B0C0AFB03B303EB14434F454FEA134B3F
:2085000005D8C8F8043004359BE7D446B3E7E046DDE7013E99E700002DE9F843154612F0C4
:20852000030206460F4607D0013A214C002354F82220FFF7C8FE0746AD1035D0746A3CB9C7
:208540001020FEF7ADF97062C0E901440460C460D6F82480D8F808404CB940F2712130463F
:20856000FFF73AFF0023C8F80800044603604FF00008EB070AD5394622463046FFF735FF95
:20858000394681463046FFF787FE4F466D100BD0206838B9224621463046FFF726FF20605E
:2085A000C0F800800446E4E73846BDE8F88300BF489509002DE9F0470C464FEA621A23694B
:2085C00049680AEB0309A3680746164609F10105AB4232DB3846FFF72BFE0023804600F1C4
:2085E00014011A4653452BDB20692AEAEA7A04F1140316F01F0201EB8A0103EB800C25D04E
:20860000C2F1200E00201E688A46964030434AF8040B53F8040B9C4520FA0EF014D8486082
:2086200008B109F10205013D3846C8F810502146FFF732FE4046BDE8F08701315B00C7E73A
:2086400041F823200133CDE75146DCE7043953F8042B41F8042F9C45F9D8E4E703690A69DD
:208660009B1A30B50CD19200143014318418114454F8045D51F8042D954203D005D30123AA
:20868000184630BDA042F3D3FAE74FF0FF33F7E72DE9F0470D460746114628461446FFF7B5
:2086A000DDFF061E08D131463846FFF7C1FD0123C0E90436BDE8F087A4BF23462C46384659
:2086C0006168A6BF1D4600260126FFF7B1FD2B69C660266905F1140904F1140202EB860737
:2086E00009EB830800F114054FF0000E52F804AB59F8044B1EFA8AF1A3B2C91A230CC3EB63
:208700001A4303EB214389B24FEA234EC84541EA0343944645F8043BE8D8BC4504D355F80C
:20872000043D83B10661C5E75CF8041B1EFA81F31A1402EB11429BB243EA02434FEA224EDC
:2087400045F8043BE9E7013EE9E72DE9F7430E46012159EC108B1546FFF76AFDC9F30A5446
:208760000746C9F3130334BB0193B8F1000327D002A840F8083DFFF700FE0099F0B1019AC4
:20878000C0F1200302FA03F30B43C2407B610192019BBB61002B14BF022101213961C4B14A
:2087A000A4F2334404443460C0F135002860384603B0BDE8F08343F48013D5E77961E7E7EB
:2087C00001A8FFF7DAFD019B7B61012139612030E5E707EB8103A0F2324030601869FFF752
:2087E000ADFDC0EB4110E1E738B502FB01F42146FEF70CFB054618B122460021FEF7B0FA8D
:20880000284638BD82B001B901A942B14BB113780B601278101C18BF012002B0704710460D
:20882000FBE76FF00100F8E749B1FF2A85BF8A2303600A704FF0FF3098BF0120704708463B
:208840007047000081F0004102E000BF83F0004330B54FEA41044FEA430594EA050F08BF1B
:2088600090EA020F1FBF54EA000C55EA020C7FEA645C7FEA655C00F0E2804FEA5454D4EBB3
:208880005555B8BF6D420CDD2C4480EA020281EA030382EA000083EA010180EA020281EA1C
:2088A0000303362D88BF30BD11F0004F4FEA01314FF4801C4CEA113102D0404261EB410127
:2088C00013F0004F4FEA03334CEA133302D0524263EB430394EA050F00F0A780A4F101041E
:2088E000D5F1200E0DDB02FA0EFC22FA05F2801841F1000103FA0EF2801843FA05F3594154
:208900000EE0A5F120050EF1200E012A03FA0EFC28BF4CF0020C43FA05F3C01851EBE37181
:2089200001F0004507D54FF0000EDCF1000C7EEB00006EEB0101B1F5801F1BD3B1F5001F43
:208940000CD349085FEA30004FEA3C0C04F101044FEA445212F5800F80F09A80BCF1004F08
:2089600008BF5FEA500C50F1000041EB045141EA050130BD5FEA4C0C404141EB010111F456
:20898000801FA4F10104E9D191F0000F04BF01460020B1FA81F308BF2033A3F10B03B3F1AB
:2089A00020020CDA0C3208DD02F1140CC2F10C0201FA0CF021FA02F10CE002F11402D8BF27
:2089C000C2F1200C01FA02F120FA0CFCDCBF41EA0C019040E41AA2BF01EB0451294330BD0C
:2089E0006FEA04041F3C1CDA0C340EDC04F11404C4F1200220FA04F001FA02F340EA03008C
:208A000021FA04F345EA030130BDC4F10C04C4F1200220FA02F001FA04F340EA03002946EE
:208A200030BD21FA04F0294630BD94F0000F83F4801306BF81F480110134013D4EE77FEA65
:208A4000645C18BF7FEA655C29D094EA050F08BF90EA020F05D054EA000C04BF19461046E1
:208A600030BD91EA030F1EBF0021002030BD5FEA545C05D14000494128BF41F0004130BD92
:208A800014F580043CBF01F5801130BD01F0004545F0FE4141F470014FF0000030BD7FEAF5
:208AA000645C1ABF194610467FEA655C1CBF0B46024650EA013406BF52EA033591EA030F95
:208AC00041F4002130BD00BF90F0000F04BF0021704730B54FF4806404F132044FF00005EF
:208AE0004FF0000150E700BF90F0000F04BF0021704730B54FF4806404F1320410F000459A
:208B000048BF40424FF000013EE700BF42004FEAE2014FEA31014FEA02701FBF12F07F4392
:208B200093F07F4F81F06051704732F07F4208BF704793F07F4F04BF41F40021704730B5A4
:208B40004FF4607401F0004521F000411CE700BF50EA010208BF704730B54FF000050AE0E6
:208B600050EA010208BF704730B511F0004502D5404261EB41014FF4806404F132045FEA8D
:208B8000915C3FF4D8AE4FF003025FEADC0C18BF03325FEADC0C18BF033202EBDC02C2F1F3
:208BA000200300FA03FC20FA02F001FA03FE40EA0E0021FA02F11444BDE600BF70B54FF02D
:208BC000FF0C4CF4E06C1CEA11541DBF1CEA135594EA0C0F95EA0C0F00F0DEF82C4481EA75
:208BE000030621EA4C5123EA4C5350EA013518BF52EA033541F4801143F4801338D0A0FB2A
:208C000002CE4FF00005E1FB02E506F00042E0FB03E54FF00006E1FB03569CF0000F18BF96
:208C20004EF0010EA4F1FF04B6F5007F64F5407404D25FEA4E0E6D4146EB060642EAC6219F
:208C400041EA55514FEAC52040EA5E504FEACE2EB4F1FD0C88BFBCF5E06F1ED8BEF1004F2F
:208C600008BF5FEA500E50F1000041EB045170BD06F0004646EA010140EA020081EA03018E
:208C8000B4EB5C04C2BFD4EB0C0541EA045170BD41F480114FF0000E013C00F3AB8014F164
:208CA000360FDEBF002001F0004170BDC4F10004203C35DA0C341BDC04F11404C4F1200511
:208CC00000FA05F320FA04F001FA05F240EA020001F0004221F0004110EBD37021FA04F69E
:208CE00042EB06015EEA430E08BF20EAD37070BDC4F10C04C4F1200500FA04F320FA05F0C7
:208D000001FA04F240EA020001F0004110EBD37041F100015EEA430E08BF20EAD37070BDB9
:208D2000C4F1200500FA05F24EEA020E20FA04F301FA05F243EA020321FA04F001F00041AA
:208D400021FA04F220EA020000EBD3705EEA430E08BF20EAD37070BD94F0000F0FD101F08A
:208D60000046400041EB010111F4801F08BF013CF7D041EA060195F0000F18BF704703F089
:208D80000046520043EB030313F4801F08BF013DF7D043EA0603704794EA0C0F0CEA1355B1
:208DA00018BF95EA0C0F0CD050EA410618BF52EA4306D1D181EA030101F000414FF0000007
:208DC00070BD50EA410606BF1046194652EA430619D094EA0C0F02D150EA013613D195EABD
:208DE0000C0F05D152EA03361CBF104619460AD181EA030101F0004141F0FE4141F47001EB
:208E00004FF0000070BD41F0FE4141F4780170BD70B54FF0FF0C4CF4E06C1CEA11541DBF59
:208E20001CEA135594EA0C0F95EA0C0F00F0A7F8A4EB050481EA030E52EA03354FEA01310F
:208E400000F088804FEA03334FF0805545EA131343EA12634FEA022245EA111545EA10654A
:208E60004FEA00260EF000419D4208BF964244F1FD0404F5407402D25B084FEA3202B61A7F
:208E800065EB03055B084FEA32024FF480104FF4002CB6EB020E75EB030E22BFB61A7546DA
:208EA00040EA0C005B084FEA3202B6EB020E75EB030E22BFB61A754640EA5C005B084FEAFC
:208EC0003202B6EB020E75EB030E22BFB61A754640EA9C005B084FEA3202B6EB020E75EB29
:208EE000030E22BFB61A754640EADC0055EA060E18D04FEA051545EA16754FEA06164FEA19
:208F0000C30343EA52734FEAC2025FEA1C1CC0D111F4801F0BD141EA00014FF000004FF060
:208F2000004CB6E711F4801F04BF01430020B4F1FD0C88BFBCF5E06F3FF6AFAEB5EB030C47
:208F400004BFB6EB020C5FEA500C50F1000041EB045170BD0EF0004E4EEA113114EB5C04E6
:208F6000C2BFD4EB0C0541EA045170BD41F480114FF0000E013C90E645EA060E8DE60CEA81
:208F8000135594EA0C0F08BF95EA0C0F3FF43BAF94EA0C0F0AD150EA01347FF434AF95EA9A
:208FA0000C0F7FF425AF104619462CE795EA0C0F06D152EA03353FF4FDAE1046194622E706
:208FC00050EA410618BF52EA43067FF4C5AE50EA41047FF40DAF52EA43057FF4EBAE12E797
:208FE0004FF0FF3C06E000BF4FF0010C02E000BF4FF0010C4DF804CD4FEA410C7FEA6C5C4C
:209000004FEA430C18BF7FEA6C5C1BD001B050EA410C0CBF52EA430C91EA030F02BF90EA7F
:20902000020F0020704710F1000F91EA030F58BF994208BF90422CBFD8176FEAE37040F06A
:20904000010070474FEA410C7FEA6C5C02D150EA013C07D14FEA430C7FEA6C5CD6D152EAE3
:20906000033CD3D05DF8040B704700BF8446104662468C461946634600E000BF01B5FFF747
:20908000B7FF002848BF10F1000F01BD4DF808EDFFF7F4FF0CBF012000205DF808FB00BFD7
:2090A0004DF808EDFFF7EAFF34BF012000205DF808FB00BF4DF808EDFFF7E0FF94BF0120C9
:2090C00000205DF808FB00BF4DF808EDFFF7CEFF94BF012000205DF808FB00BF4DF808ED77
:2090E000FFF7C4FF34BF012000205DF808FB00BF4FEA410C7FEA6C5C02D150EA013C0AD190
:209100004FEA430C7FEA6C5C02D152EA033C02D14FF0000070474FF0010070474FEA41020C
:2091200012F5001215D211D56FF47873B3EB625212D94FEAC12343F0004343EA505311F05A
:20914000004F23FA02F018BF404270474FF00000704750EA013005D111F0004008BF6FF003
:20916000004070474FF00000704700BF044A05491368002B08BF0B46184410601846704708
:209180004C790020DC7B0020FEE700BFF8B500BFF8BC08BC9E467047F8B500BFF8BC08BC6C
:2091A0009E46704754696E795553422053657269616C00000000000000000000C9F4080041
:2091C00081F4080071F40800E9F3080035F4080009F4080065F40800EDF20800F0FFFFFF56
:2091E00000000000E1F30800120100020000004086284580000101020301000009020900AF
:20920000000100A032000000303132333435363738394142434445465365656564000000F3
:209220005849414F206E524635323834302053656E73650041646166727569740000000086
:209240004D6173732053746F7261676500000000312E30007573626400000000050F3900FB
:20926000021810050038B60834A909A0478BFDA0768815B665000101011C100500DF60DD56
:20928000D88945C74C9CD2659D9E648A9F00000306B2000200000000EDFE080061FF080062
:2092A0008DFF0800810009004101090000000000910A0900A10A0900B10A0900450B0900D0
:2092C0007D0C090000000000C9020900D9020900E9020900A50309009D05090000000000F4
:2092E000210609007D060900A5060900BD070900C107090000000000ED12090049130900F3
:209300006913090039FC08005114090000000000426F6F74666C61673A20415050000000B4
:20932000426F6F74666C61673A2055504441544552000000426F6F74666C61673A20554E65
:209340004B4E4F574E202830780000002900000053657474696E67206E657720626F6F744B
:20936000666C616720746F3A203078005265626F6F74696E6720696E2033207365636F6E23
:2093800064732E2E2E0000000D0A0000546D725100000000546D7220537663006C6F6F7098
:2093A0000000000043616C6C6261636B0000000002000000030000001C0000001D00000062
:2093C00004000000050000002B0000002C0000002D0000002E0000002F0000001A00000089
:2093E000060000001E0000000E000000280000001B000000070000000B0000002A000000BC
:2094000020000000100000000D0000001100000015000000190000001400000018000000A4
:209420001600000017000000090000000A0000001F00000014610020494E4600696E66001E
:209440004E414E006E616E003000496E66696E697479004E614E00000080E03779C3414324
:20946000176E05B5B5B89346F5F93FE9034F384D321D30F94877825A3CBF737FDD4F1575C4
:20948000000000000000F03F000000000000244000000000000059400000000000408F4091
:2094A000000000000088C34000000000006AF8400000000080842E4100000000D012634186
:2094C0000000000084D797410000000065CDCD41000000205FA00242000000E87648374297
:2094E000000000A2941A6D42000040E59C30A2420000901EC4BCD64200003426F56B0C4349
:209500000080E03779C3414300A0D8855734764300C84E676DC1AB43003D9160E458E1438C
:20952000408CB5781DAF154450EFE2D6E41A4B4492D54D06CFF08044F64AE1C7022DB5443C
:20954000B49DD9794378EA4405000000190000007D0000004300504F534958002E000020C0
:2095600020202020202020202828282828202020202020202020202020202020202020885B
:20958000101010101010101010101010101010040404040404040404041010101010101043
:2095A0004141414141410101010101010101010101010101010101010101101010101010B1
:2095C000424242424242020202020202020202020202020202020202020210101010200077
:2095E00000000000000000000000000000000000000000000000000000000000000000006B
:2096000000000000000000000000000000000000000000000000000000000000000000004A
:2096200000000000000000000000000000000000000000000000000000000000000000002A
:2096400000000000000000000000000000000000000000000000000000000000000000000A
:2096600000000000EC5BFF7F010000000A00000000000306B200080001000000A8000800A6
:2096800002000000A0001400030057494E55534200000000000000000000840004000700AA
:2096A0002A0044006500760069006300650049006E0074006500720066006100630065009F
:2096C00047005500490044007300000050007B003900370035004600340034004400390053
:2096E0002D0030004400300038002D0034003300460044002D0038004200330045002D00F7
:209700003100320037004300410038004100460046004600390044007D00000000000000E6
:2097200010000C00646D00200000000000000000000000000000000000000000000000001C
:20974000000000000000000000000000000000000000000000000000000000000000000009
:209760000000000000000000000000000000000000000000000000000090D00314610020F1
:209780000000000000000000000000000000000000000000000000000000000000000000C9
:2097A0000000000000000000000000000000000000000000000000000000000000000000A9
:2097C000000000000000000000000000000000000000000000000000000000000000000089
:2097E000430000000000000000000000000000000000000000000000000000000000000026
:20980000430000000000000000000000000000000000000000000000000000000000000005
:209820004300000000000000000000000000000000000000000000000000000000000000E5
:209840004300000000000000000000000000000000000000000000000000000000000000C5
:209860004300000000000000000000000000000000000000000000000000000000000000A5
:20988000430000000000000000000000000000000000000000000000000000000000000085
:2098A000430000000000000000000000000000000000000000000000000000000000000065
:2098C0002988090005880900000000005E9509005C9509005D9509005D9509005D95090051
:2098E0005D9509005D9509005D9509005D9509005D9509005D950900FFFFFFFFFFFFFFFF8E
:20990000FFFFFFFFFFFF0000010041534349490000000000000000000000000000000000E3
:209920000000000000000000000041534349490000000000000000000000000000000000BE
:1C99400000000000000000000000000001F2080035F20800BDF5080011F208001C
:02000004000EEC
:04C00000DDCCBBAA2E
:040000050002700085
:00000001FF
